{
"type": "FeatureCollection",
"name": "geo_03_通所介護",
"crs": { "type": "name", "properties": { "name": "urn:ogc:def:crs:OGC:1.3:CRS84" } },
"features": [
{ "type": "Feature", "properties": { "緯度": 39.7381709, "経度": 141.1223134, "url": "https://www.kaigokensaku.mhlw.go.jp/03/index.php?action_kouhyou_detail_004_kani=true&JigyosyoCd=370106742-00&ServiceCd=150&Type=search", "url2": null, "内容": "デイサービス観武公園【通所介護】岩手県盛岡市みたけ一丁目7番40号", "サービスの種類": "通所介護" }, "geometry": { "type": "Point", "coordinates": [ 141.122313399999911, 39.7381709 ] } },
{ "type": "Feature", "properties": { "緯度": 39.7483588, "経度": 141.152812, "url": "https://www.kaigokensaku.mhlw.go.jp/03/index.php?action_kouhyou_detail_004_kani=true&JigyosyoCd=370107427-00&ServiceCd=150&Type=search", "url2": "https://www.tsukui.net/home-care/2031/", "内容": "ツクイ盛岡【通所介護】岩手県盛岡市東黒石野二丁目１番５号", "サービスの種類": "通所介護" }, "geometry": { "type": "Point", "coordinates": [ 141.152812, 39.7483588 ] } },
{ "type": "Feature", "properties": { "緯度": 39.7340709, "経度": 141.109248, "url": "https://www.kaigokensaku.mhlw.go.jp/03/index.php?action_kouhyou_detail_004_kani=true&JigyosyoCd=370102428-00&ServiceCd=150&Type=search", "url2": "http://www.morioka-shakyo.or.jp/", "内容": "盛岡市社会福祉協議会月が丘老人デイサービスセンター【通所介護】岩手県盛岡市月が丘3丁目7番5号", "サービスの種類": "通所介護" }, "geometry": { "type": "Point", "coordinates": [ 141.109248, 39.7340709 ] } },
{ "type": "Feature", "properties": { "緯度": 39.7015504, "経度": 141.1600361000001, "url": "https://www.kaigokensaku.mhlw.go.jp/03/index.php?action_kouhyou_detail_004_kani=true&JigyosyoCd=370101636-00&ServiceCd=150&Type=search", "url2": "http://senshoukai.or.jp", "内容": "城南老人デイサービスセンター【通所介護】岩手県盛岡市神明町8番4号", "サービスの種類": "通所介護" }, "geometry": { "type": "Point", "coordinates": [ 141.160036100000099, 39.7015504 ] } },
{ "type": "Feature", "properties": { "緯度": 39.7286272, "経度": 141.116642, "url": "https://www.kaigokensaku.mhlw.go.jp/03/index.php?action_kouhyou_detail_004_kani=true&JigyosyoCd=370103319-00&ServiceCd=150&Type=search", "url2": "http://www.yumesato-morioka.com/", "内容": "ゆめさとデイサービス【通所介護】岩手県盛岡市青山三丁目１０番１９号", "サービスの種類": "通所介護" }, "geometry": { "type": "Point", "coordinates": [ 141.116642, 39.7286272 ] } },
{ "type": "Feature", "properties": { "緯度": 39.722345332801723, "経度": 141.1264567416641, "url": "https://www.kaigokensaku.mhlw.go.jp/03/index.php?action_kouhyou_detail_004_kani=true&JigyosyoCd=370107112-00&ServiceCd=150&Type=search", "url2": null, "内容": "メディコート安倍館通所介護事業所【通所介護】岩手県盛岡市安倍館町16-30メディコート安倍館", "サービスの種類": "通所介護" }, "geometry": { "type": "Point", "coordinates": [ 141.1264567416641, 39.722345332801723 ] } },
{ "type": "Feature", "properties": { "緯度": 39.6820223, "経度": 141.1565821, "url": "https://www.kaigokensaku.mhlw.go.jp/03/index.php?action_kouhyou_detail_004_kani=true&JigyosyoCd=370107328-00&ServiceCd=150&Type=search", "url2": null, "内容": "デイサービス絆【通所介護】岩手県盛岡市東仙北2丁目4-26", "サービスの種類": "通所介護" }, "geometry": { "type": "Point", "coordinates": [ 141.1565821, 39.6820223 ] } },
{ "type": "Feature", "properties": { "緯度": 39.70598728661259, "経度": 141.12956987486879, "url": "https://www.kaigokensaku.mhlw.go.jp/03/index.php?action_kouhyou_detail_004_kani=true&JigyosyoCd=370105447-00&ServiceCd=150&Type=search", "url2": "http://www.akubi-onlylife.net", "内容": "デイサービス明来日【通所介護】岩手県盛岡市新田町１０－８", "サービスの種類": "通所介護" }, "geometry": { "type": "Point", "coordinates": [ 141.129569874868793, 39.70598728661259 ] } },
{ "type": "Feature", "properties": { "緯度": 39.752122747461229, "経度": 141.15947135629881, "url": "https://www.kaigokensaku.mhlw.go.jp/03/index.php?action_kouhyou_detail_004_kani=true&JigyosyoCd=370100307-00&ServiceCd=150&Type=search", "url2": "http://www.ikushinkai.jp/", "内容": "第二松園ハイツ指定通所介護事業所【通所介護】岩手県盛岡市西松園二丁目5番1号", "サービスの種類": "通所介護" }, "geometry": { "type": "Point", "coordinates": [ 141.159471356298809, 39.752122747461229 ] } },
{ "type": "Feature", "properties": { "緯度": 39.6908931, "経度": 141.0583561, "url": "https://www.kaigokensaku.mhlw.go.jp/03/index.php?action_kouhyou_detail_004_kani=true&JigyosyoCd=370100554-00&ServiceCd=150&Type=search", "url2": "https://senshoukai.or.jp/", "内容": "千年苑デイサービスセンター【通所介護】岩手県盛岡市上太田穴口５３番地", "サービスの種類": "通所介護" }, "geometry": { "type": "Point", "coordinates": [ 141.0583561, 39.6908931 ] } },
{ "type": "Feature", "properties": { "緯度": 39.6463688, "経度": 141.0902725, "url": "https://www.kaigokensaku.mhlw.go.jp/03/index.php?action_kouhyou_detail_004_kani=true&JigyosyoCd=370100521-00&ServiceCd=150&Type=search", "url2": "https://morioka-fujimikai.or.jp", "内容": "指定通所介護事業所都南あけぼの荘【通所介護】岩手県盛岡市湯沢４地割２５－１", "サービスの種類": "通所介護" }, "geometry": { "type": "Point", "coordinates": [ 141.0902725, 39.6463688 ] } },
{ "type": "Feature", "properties": { "緯度": 39.706122497176203, "経度": 141.13937801534431, "url": "https://www.kaigokensaku.mhlw.go.jp/03/index.php?action_kouhyou_detail_004_kani=true&JigyosyoCd=370102857-00&ServiceCd=150&Type=search", "url2": "http://kanon7773.exblog.jp/", "内容": "デイサービスカノン【通所介護】岩手県盛岡市長田町2-26Ｉ＆Ｂビル４Ｆ", "サービスの種類": "通所介護" }, "geometry": { "type": "Point", "coordinates": [ 141.139378015344306, 39.706122497176203 ] } },
{ "type": "Feature", "properties": { "緯度": 39.7430156, "経度": 141.1199097, "url": "https://www.kaigokensaku.mhlw.go.jp/03/index.php?action_kouhyou_detail_004_kani=true&JigyosyoCd=370108052-00&ServiceCd=150&Type=search", "url2": "http://life-escort.com", "内容": "ほっとデイサービスみたけ【通所介護】岩手県盛岡市みたけ4丁目8番50号", "サービスの種類": "通所介護" }, "geometry": { "type": "Point", "coordinates": [ 141.1199097, 39.7430156 ] } },
{ "type": "Feature", "properties": { "緯度": 39.6845585, "経度": 141.156127, "url": "https://www.kaigokensaku.mhlw.go.jp/03/index.php?action_kouhyou_detail_004_kani=true&JigyosyoCd=370103558-00&ServiceCd=150&Type=search", "url2": "https://www.earthsupport.co.jp", "内容": "アースサポート盛岡南【通所介護】岩手県盛岡市東仙北1丁目4番16号", "サービスの種類": "通所介護" }, "geometry": { "type": "Point", "coordinates": [ 141.156127, 39.6845585 ] } },
{ "type": "Feature", "properties": { "緯度": 39.7362295, "経度": 141.1208909, "url": "https://www.kaigokensaku.mhlw.go.jp/03/index.php?action_kouhyou_detail_004_kani=true&JigyosyoCd=370107518-00&ServiceCd=150&Type=search", "url2": "http://chienowa-npo.sakura.ne.jp", "内容": "ちえのわデイサービス【通所介護】岩手県盛岡市みたけ1丁目9-48", "サービスの種類": "通所介護" }, "geometry": { "type": "Point", "coordinates": [ 141.1208909, 39.7362295 ] } },
{ "type": "Feature", "properties": { "緯度": 39.7396954, "経度": 141.1148181, "url": "https://www.kaigokensaku.mhlw.go.jp/03/index.php?action_kouhyou_detail_004_kani=true&JigyosyoCd=370107484-00&ServiceCd=150&Type=search", "url2": "http://www.chienowa-npo.sakura.ne.jp/", "内容": "きらくの郷城北デイサービス【通所介護】岩手県盛岡市みたけ3丁目23番36号", "サービスの種類": "通所介護" }, "geometry": { "type": "Point", "coordinates": [ 141.1148181, 39.7396954 ] } },
{ "type": "Feature", "properties": { "緯度": 39.748161, "経度": 141.1277578, "url": "https://www.kaigokensaku.mhlw.go.jp/03/index.php?action_kouhyou_detail_004_kani=true&JigyosyoCd=370107500-00&ServiceCd=150&Type=search", "url2": null, "内容": "デイサービスおとなりさん【通所介護】岩手県盛岡市厨川4丁目5番36号", "サービスの種類": "通所介護" }, "geometry": { "type": "Point", "coordinates": [ 141.127757800000012, 39.748161 ] } },
{ "type": "Feature", "properties": { "緯度": 39.7482229, "経度": 141.1274892, "url": "https://www.kaigokensaku.mhlw.go.jp/03/index.php?action_kouhyou_detail_004_kani=true&JigyosyoCd=370107476-00&ServiceCd=150&Type=search", "url2": "http://chienowacare.com", "内容": "デイサービスきらくの郷厨川【通所介護】岩手県盛岡市厨川4丁目5-7", "サービスの種類": "通所介護" }, "geometry": { "type": "Point", "coordinates": [ 141.127489200000014, 39.748222899999988 ] } },
{ "type": "Feature", "properties": { "緯度": 39.710102283762453, "経度": 141.16285510185239, "url": "https://www.kaigokensaku.mhlw.go.jp/03/index.php?action_kouhyou_detail_004_kani=true&JigyosyoCd=370101784-00&ServiceCd=150&Type=search", "url2": "https://www.kuruminoie.com/", "内容": "デイサービスくるみ愛宕【通所介護】岩手県盛岡市愛宕町12番10号", "サービスの種類": "通所介護" }, "geometry": { "type": "Point", "coordinates": [ 141.162855101852386, 39.710102283762453 ] } },
{ "type": "Feature", "properties": { "緯度": 39.7328798, "経度": 141.1309711, "url": "https://www.kaigokensaku.mhlw.go.jp/03/index.php?action_kouhyou_detail_004_kani=true&JigyosyoCd=370104895-00&ServiceCd=150&Type=search", "url2": null, "内容": "デイサービス・セカンドきらら【通所介護】岩手県盛岡市箱清水一丁目18番7号", "サービスの種類": "通所介護" }, "geometry": { "type": "Point", "coordinates": [ 141.130971100000011, 39.7328798 ] } },
{ "type": "Feature", "properties": { "緯度": 39.7319104, "経度": 141.1318848, "url": "https://www.kaigokensaku.mhlw.go.jp/03/index.php?action_kouhyou_detail_004_kani=true&JigyosyoCd=370106783-00&ServiceCd=150&Type=search", "url2": "https://physicare-i.com", "内容": "なごみデイサービス【通所介護】岩手県盛岡市箱清水2丁目4-33", "サービスの種類": "通所介護" }, "geometry": { "type": "Point", "coordinates": [ 141.1318848, 39.7319104 ] } },
{ "type": "Feature", "properties": { "緯度": 39.725374080433973, "経度": 141.14015720926199, "url": "https://www.kaigokensaku.mhlw.go.jp/03/index.php?action_kouhyou_detail_004_kani=true&JigyosyoCd=370106031-00&ServiceCd=150&Type=search", "url2": "http://www.pn-magokoro.net/", "内容": "デイサービスまごころ【通所介護】岩手県盛岡市高松３丁目4-48", "サービスの種類": "通所介護" }, "geometry": { "type": "Point", "coordinates": [ 141.140157209261986, 39.725374080433973 ] } },
{ "type": "Feature", "properties": { "緯度": 39.716079332098317, "経度": 141.11198703862311, "url": "https://www.kaigokensaku.mhlw.go.jp/03/index.php?action_kouhyou_detail_004_kani=true&JigyosyoCd=370107559-00&ServiceCd=150&Type=search", "url2": "https://r.goope.jp/tokinone", "内容": "通所介護事業所「時の音」【通所介護】岩手県盛岡市大館町９番２号通所介護事業所「時の音」", "サービスの種類": "通所介護" }, "geometry": { "type": "Point", "coordinates": [ 141.111987038623113, 39.716079332098317 ] } },
{ "type": "Feature", "properties": { "緯度": 39.7394191, "経度": 141.1150089, "url": "https://www.kaigokensaku.mhlw.go.jp/03/index.php?action_kouhyou_detail_004_kani=true&JigyosyoCd=370107732-00&ServiceCd=150&Type=search", "url2": null, "内容": "デイサービスcafei5【通所介護】岩手県盛岡市みたけ三丁目23-3スペースMYAⅡ", "サービスの種類": "通所介護" }, "geometry": { "type": "Point", "coordinates": [ 141.1150089, 39.7394191 ] } },
{ "type": "Feature", "properties": { "緯度": 39.704091, "経度": 141.1319136, "url": "https://www.kaigokensaku.mhlw.go.jp/03/index.php?action_kouhyou_detail_004_kani=true&JigyosyoCd=370102410-00&ServiceCd=150&Type=search", "url2": "http://www.morioka-shakyo.or.jp/", "内容": "盛岡市社会福祉協議会盛岡駅西口老人デイサービスセンター【通所介護】岩手県盛岡市盛岡駅西通1丁目2番2号", "サービスの種類": "通所介護" }, "geometry": { "type": "Point", "coordinates": [ 141.1319136, 39.704091 ] } },
{ "type": "Feature", "properties": { "緯度": 39.7013551, "経度": 141.1480138, "url": "https://www.kaigokensaku.mhlw.go.jp/03/index.php?action_kouhyou_detail_004_kani=true&JigyosyoCd=370107799-00&ServiceCd=150&Type=search", "url2": "https://saien.ambitious-city.co.jp/players", "内容": "PLAYERSデイサービス【通所介護】岩手県盛岡市菜園一丁目6番13号公園通りプラザビル3階", "サービスの種類": "通所介護" }, "geometry": { "type": "Point", "coordinates": [ 141.1480138, 39.7013551 ] } },
{ "type": "Feature", "properties": { "緯度": 39.646723853010769, "経度": 141.1658101305496, "url": "https://www.kaigokensaku.mhlw.go.jp/03/index.php?action_kouhyou_detail_004_kani=true&JigyosyoCd=370106932-00&ServiceCd=150&Type=search", "url2": "http://www.ccube-station.com", "内容": "シーキューブ【通所介護】岩手県盛岡市三本柳２３−６５−１", "サービスの種類": "通所介護" }, "geometry": { "type": "Point", "coordinates": [ 141.165810130549602, 39.646723853010769 ] } },
{ "type": "Feature", "properties": { "緯度": 39.6940815, "経度": 141.1488234, "url": "https://www.kaigokensaku.mhlw.go.jp/03/index.php?action_kouhyou_detail_004_kani=true&JigyosyoCd=370106940-00&ServiceCd=150&Type=search", "url2": null, "内容": "ＳＯＭＰＯケア盛岡清水デイサービス【通所介護】岩手県盛岡市清水町14番17号中圭ﾋﾞﾙ1F", "サービスの種類": "通所介護" }, "geometry": { "type": "Point", "coordinates": [ 141.1488234, 39.694081500000017 ] } },
{ "type": "Feature", "properties": { "緯度": 39.7087074, "経度": 141.1435874, "url": "https://www.kaigokensaku.mhlw.go.jp/03/index.php?action_kouhyou_detail_004_kani=true&JigyosyoCd=370106999-00&ServiceCd=150&Type=search", "url2": null, "内容": "ＳＯＭＰＯケア盛岡本町デイサービス【通所介護】岩手県盛岡市本町通３丁目２０番２５号パークハイツ本町１Ｆ", "サービスの種類": "通所介護" }, "geometry": { "type": "Point", "coordinates": [ 141.1435874, 39.7087074 ] } },
{ "type": "Feature", "properties": { "緯度": 39.6410299, "経度": 141.1681924, "url": "https://www.kaigokensaku.mhlw.go.jp/03/index.php?action_kouhyou_detail_004_kani=true&JigyosyoCd=370107849-00&ServiceCd=150&Type=search", "url2": "http://www.sg-kumiai.or.jp/", "内容": "デイサービスセンターリハコートみるまえ【通所介護】岩手県盛岡市西見前14地割113番地1", "サービスの種類": "通所介護" }, "geometry": { "type": "Point", "coordinates": [ 141.1681924, 39.6410299 ] } },
{ "type": "Feature", "properties": { "緯度": 39.720595247117053, "経度": 141.1165363288361, "url": "https://www.kaigokensaku.mhlw.go.jp/03/index.php?action_kouhyou_detail_004_kani=true&JigyosyoCd=370107740-00&ServiceCd=150&Type=search", "url2": "https://sg-seijukai.com/carecourt-morioka/day/", "内容": "デイサービスセンターリハコートあおやま【通所介護】岩手県盛岡市青山1丁目2-13デイサービスセンターリハコートあおやま", "サービスの種類": "通所介護" }, "geometry": { "type": "Point", "coordinates": [ 141.116536328836105, 39.720595247117053 ] } },
{ "type": "Feature", "properties": { "緯度": 39.675818313521248, "経度": 141.14109052142629, "url": "https://www.kaigokensaku.mhlw.go.jp/03/index.php?action_kouhyou_detail_004_kani=true&JigyosyoCd=370105322-00&ServiceCd=150&Type=search", "url2": "http://sazan-cross.co.jp", "内容": "盛南デイサービス【通所介護】岩手県盛岡市向中野７丁目４番１６号サービス付き高齢者向け住宅　みなみ風", "サービスの種類": "通所介護" }, "geometry": { "type": "Point", "coordinates": [ 141.141090521426293, 39.675818313521248 ] } },
{ "type": "Feature", "properties": { "緯度": 39.7486097, "経度": 141.1279156, "url": "https://www.kaigokensaku.mhlw.go.jp/03/index.php?action_kouhyou_detail_004_kani=true&JigyosyoCd=370107492-00&ServiceCd=150&Type=search", "url2": "http://www.chienowacare.com/index.html", "内容": "生活リハビリ訓練かがやき【通所介護】岩手県盛岡市厨川4丁目5-15", "サービスの種類": "通所介護" }, "geometry": { "type": "Point", "coordinates": [ 141.1279156, 39.7486097 ] } },
{ "type": "Feature", "properties": { "緯度": 39.6983911, "経度": 141.114257, "url": "https://www.kaigokensaku.mhlw.go.jp/03/index.php?action_kouhyou_detail_004_kani=true&JigyosyoCd=370104523-00&ServiceCd=150&Type=search", "url2": "http://airinkai.net", "内容": "デイサービスこずかたの郷【通所介護】岩手県盛岡市下太田沢田23-3", "サービスの種類": "通所介護" }, "geometry": { "type": "Point", "coordinates": [ 141.114257, 39.698391099999988 ] } },
{ "type": "Feature", "properties": { "緯度": 39.711921, "経度": 141.1450399, "url": "https://www.kaigokensaku.mhlw.go.jp/03/index.php?action_kouhyou_detail_004_kani=true&JigyosyoCd=370104861-00&ServiceCd=150&Type=search", "url2": "http://www.joyreha.co.jp/", "内容": "ジョイリハ盛岡上田【通所介護】岩手県盛岡市上田１－６－１０イースタンキャッスル２　１F", "サービスの種類": "通所介護" }, "geometry": { "type": "Point", "coordinates": [ 141.1450399, 39.711921 ] } },
{ "type": "Feature", "properties": { "緯度": 39.7360513, "経度": 141.1087147000001, "url": "https://www.kaigokensaku.mhlw.go.jp/03/index.php?action_kouhyou_detail_004_kani=true&JigyosyoCd=370106627-00&ServiceCd=150&Type=search", "url2": "http://www.rehabili-life.co.jp", "内容": "デイサービスリハビリライフ【通所介護】岩手県盛岡市月が丘三丁目32番6号", "サービスの種類": "通所介護" }, "geometry": { "type": "Point", "coordinates": [ 141.108714700000093, 39.7360513 ] } },
{ "type": "Feature", "properties": { "緯度": 39.6723621, "経度": 141.1564873, "url": "https://www.kaigokensaku.mhlw.go.jp/03/index.php?action_kouhyou_detail_004_kani=true&JigyosyoCd=370102089-00&ServiceCd=150&Type=search", "url2": "http://morioka-hidamari.com/inquiry.html", "内容": "在宅総合センターひだまりデイサービス【通所介護】岩手県盛岡市津志田２６－３０－１", "サービスの種類": "通所介護" }, "geometry": { "type": "Point", "coordinates": [ 141.1564873, 39.6723621 ] } },
{ "type": "Feature", "properties": { "緯度": 39.6095207, "経度": 141.1974529, "url": "https://www.kaigokensaku.mhlw.go.jp/03/index.php?action_kouhyou_detail_004_kani=true&JigyosyoCd=370103707-00&ServiceCd=150&Type=search", "url2": null, "内容": "めだかのデイ2号館【通所介護】岩手県盛岡市乙部30-76-1", "サービスの種類": "通所介護" }, "geometry": { "type": "Point", "coordinates": [ 141.1974529, 39.6095207 ] } },
{ "type": "Feature", "properties": { "緯度": 39.6172318, "経度": 141.2069157, "url": "https://www.kaigokensaku.mhlw.go.jp/03/index.php?action_kouhyou_detail_004_kani=true&JigyosyoCd=370107120-00&ServiceCd=150&Type=search", "url2": "https://medaka-nikka.jp/", "内容": "めだかのデイサービス【通所介護】岩手県盛岡市乙部31-13-1", "サービスの種類": "通所介護" }, "geometry": { "type": "Point", "coordinates": [ 141.2069157, 39.6172318 ] } },
{ "type": "Feature", "properties": { "緯度": 39.7282212, "経度": 141.1003573, "url": "https://www.kaigokensaku.mhlw.go.jp/03/index.php?action_kouhyou_detail_004_kani=true&JigyosyoCd=370101628-00&ServiceCd=150&Type=search", "url2": null, "内容": "西青山地域支援センター【通所介護】岩手県盛岡市西青山三丁目４０番３９号", "サービスの種類": "通所介護" }, "geometry": { "type": "Point", "coordinates": [ 141.100357300000013, 39.7282212 ] } },
{ "type": "Feature", "properties": { "緯度": 39.7055063, "経度": 141.1531828, "url": "https://www.kaigokensaku.mhlw.go.jp/03/index.php?action_kouhyou_detail_004_kani=true&JigyosyoCd=370106171-00&ServiceCd=150&Type=search", "url2": "http://www.kohakunokaze.com", "内容": "デイサービスセンターこはくの風内丸【通所介護】岩手県盛岡市本町通一丁目9－12", "サービスの種類": "通所介護" }, "geometry": { "type": "Point", "coordinates": [ 141.1531828, 39.7055063 ] } },
{ "type": "Feature", "properties": { "緯度": 39.6960581, "経度": 141.1176068, "url": "https://www.kaigokensaku.mhlw.go.jp/03/index.php?action_kouhyou_detail_004_kani=true&JigyosyoCd=370102352-00&ServiceCd=150&Type=search", "url2": null, "内容": "デイサービスセンター田園【通所介護】岩手県盛岡市下太田榊14-2", "サービスの種類": "通所介護" }, "geometry": { "type": "Point", "coordinates": [ 141.1176068, 39.696058099999988 ] } },
{ "type": "Feature", "properties": { "緯度": 39.729794, "経度": 141.145437, "url": "https://www.kaigokensaku.mhlw.go.jp/03/index.php?action_kouhyou_detail_004_kani=true&JigyosyoCd=370103368-00&ServiceCd=150&Type=search", "url2": "http://www.reitakukai.net", "内容": "ケアガーデン高松公園デイサービスセンター【通所介護】岩手県盛岡市上田字毛無森２番地７", "サービスの種類": "通所介護" }, "geometry": { "type": "Point", "coordinates": [ 141.145437, 39.729794 ] } },
{ "type": "Feature", "properties": { "緯度": 39.724145, "経度": 141.1216087, "url": "https://www.kaigokensaku.mhlw.go.jp/03/index.php?action_kouhyou_detail_004_kani=true&JigyosyoCd=370107716-00&ServiceCd=150&Type=search", "url2": "https://nugumaru.com/", "内容": "デイサービス縁（ゆかり）【通所介護】岩手県盛岡市上堂1丁目17番53号", "サービスの種類": "通所介護" }, "geometry": { "type": "Point", "coordinates": [ 141.1216087, 39.724145 ] } },
{ "type": "Feature", "properties": { "緯度": 39.6727025, "経度": 141.0218882, "url": "https://www.kaigokensaku.mhlw.go.jp/03/index.php?action_kouhyou_detail_004_kani=true&JigyosyoCd=370102709-00&ServiceCd=150&Type=search", "url2": "http://aishinkan-yumeplaza.com", "内容": "愛真館夢ぷらざ【通所介護】岩手県盛岡市繋字塗沢４０－４愛真館西館3階", "サービスの種類": "通所介護" }, "geometry": { "type": "Point", "coordinates": [ 141.0218882, 39.6727025 ] } },
{ "type": "Feature", "properties": { "緯度": 39.676678, "経度": 141.1466242, "url": "https://www.kaigokensaku.mhlw.go.jp/03/index.php?action_kouhyou_detail_004_kani=true&JigyosyoCd=370102253-00&ServiceCd=150&Type=search", "url2": "http://www.sykz.co.jp", "内容": "盛岡ケアセンターそよ風【通所介護】岩手県盛岡市向中野四丁目35-22", "サービスの種類": "通所介護" }, "geometry": { "type": "Point", "coordinates": [ 141.1466242, 39.676678 ] } },
{ "type": "Feature", "properties": { "緯度": 39.720822917166323, "経度": 141.1350030737598, "url": "https://www.kaigokensaku.mhlw.go.jp/03/index.php?action_kouhyou_detail_004_kani=true&JigyosyoCd=370106668-00&ServiceCd=150&Type=search", "url2": "https://vigorous-aozora.wixsite.com/my-site", "内容": "デイサービスびごらすうえだ【通所介護】岩手県盛岡市上田4丁目5-27", "サービスの種類": "通所介護" }, "geometry": { "type": "Point", "coordinates": [ 141.135003073759805, 39.720822917166323 ] } },
{ "type": "Feature", "properties": { "緯度": 39.7284357, "経度": 141.1289103, "url": "https://www.kaigokensaku.mhlw.go.jp/03/index.php?action_kouhyou_detail_004_kani=true&JigyosyoCd=370105769-00&ServiceCd=150&Type=search", "url2": null, "内容": "デイサービスはるかぜの綾【通所介護】岩手県盛岡市上堂3丁目16-18", "サービスの種類": "通所介護" }, "geometry": { "type": "Point", "coordinates": [ 141.1289103, 39.728435700000013 ] } },
{ "type": "Feature", "properties": { "緯度": 39.7308089, "経度": 141.1257523, "url": "https://www.kaigokensaku.mhlw.go.jp/03/index.php?action_kouhyou_detail_004_kani=true&JigyosyoCd=370107237-00&ServiceCd=150&Type=search", "url2": null, "内容": "デイサービスはるかぜの碧【通所介護】岩手県盛岡市上堂４丁目2-80", "サービスの種類": "通所介護" }, "geometry": { "type": "Point", "coordinates": [ 141.125752299999903, 39.7308089 ] } },
{ "type": "Feature", "properties": { "緯度": 39.6618187, "経度": 141.1502066, "url": "https://www.kaigokensaku.mhlw.go.jp/03/index.php?action_kouhyou_detail_004_kani=true&JigyosyoCd=370107435-00&ServiceCd=150&Type=search", "url2": "https://www.tsukui.net/search/2542/detail.html", "内容": "ツクイ盛岡津志田【通所介護】岩手県盛岡市津志田中央三丁目26番60号", "サービスの種類": "通所介護" }, "geometry": { "type": "Point", "coordinates": [ 141.1502066, 39.6618187 ] } },
{ "type": "Feature", "properties": { "緯度": 39.726722687515988, "経度": 141.1292040576721, "url": "https://www.kaigokensaku.mhlw.go.jp/03/index.php?action_kouhyou_detail_004_kani=true&JigyosyoCd=370101255-00&ServiceCd=150&Type=search", "url2": "https://mieux-changer.com", "内容": "デイサービスミュー・シャンジェ【通所介護】岩手県盛岡市上堂三丁目12番20号", "サービスの種類": "通所介護" }, "geometry": { "type": "Point", "coordinates": [ 141.129204057672098, 39.726722687515988 ] } },
{ "type": "Feature", "properties": { "緯度": 39.6993922, "経度": 141.1540034, "url": "https://www.kaigokensaku.mhlw.go.jp/03/index.php?action_kouhyou_detail_004_kani=true&JigyosyoCd=370103251-00&ServiceCd=150&Type=search", "url2": "http://www.brightstage.co.jp/index.html", "内容": "ブライトステージ【通所介護】岩手県盛岡市肴町3番18号ラオ・エム・コート　2階", "サービスの種類": "通所介護" }, "geometry": { "type": "Point", "coordinates": [ 141.1540034, 39.6993922 ] } },
{ "type": "Feature", "properties": { "緯度": 39.750777131528402, "経度": 141.12998705185089, "url": "https://www.kaigokensaku.mhlw.go.jp/03/index.php?action_kouhyou_detail_004_kani=true&JigyosyoCd=370103996-00&ServiceCd=150&Type=search", "url2": "http://www.betterlife-iwate.co.jp", "内容": "デイサービスシャンジェ【通所介護】岩手県盛岡市厨川4丁目9-18", "サービスの種類": "通所介護" }, "geometry": { "type": "Point", "coordinates": [ 141.12998705185089, 39.750777131528402 ] } },
{ "type": "Feature", "properties": { "緯度": 39.8791425, "経度": 141.2038902, "url": "https://www.kaigokensaku.mhlw.go.jp/03/index.php?action_kouhyou_detail_004_kani=true&JigyosyoCd=370104846-00&ServiceCd=150&Type=search", "url2": null, "内容": "にこにこホーム【通所介護】岩手県盛岡市玉山馬場字滝の沢２８", "サービスの種類": "通所介護" }, "geometry": { "type": "Point", "coordinates": [ 141.203890199999904, 39.8791425 ] } },
{ "type": "Feature", "properties": { "緯度": 39.8773527, "経度": 141.1665191, "url": "https://www.kaigokensaku.mhlw.go.jp/03/index.php?action_kouhyou_detail_004_kani=true&JigyosyoCd=370105835-00&ServiceCd=150&Type=search", "url2": null, "内容": "デイサービス松福【通所介護】岩手県盛岡市好摩字野中69-47松福の郷・好摩", "サービスの種類": "通所介護" }, "geometry": { "type": "Point", "coordinates": [ 141.166519099999988, 39.8773527 ] } },
{ "type": "Feature", "properties": { "緯度": 39.690785, "経度": 141.1334458, "url": "https://www.kaigokensaku.mhlw.go.jp/03/index.php?action_kouhyou_detail_004_kani=true&JigyosyoCd=370107088-00&ServiceCd=150&Type=search", "url2": null, "内容": "老人デイサービスセンター「百万石」本宮【通所介護】岩手県盛岡市本宮３丁目１５番26号", "サービスの種類": "通所介護" }, "geometry": { "type": "Point", "coordinates": [ 141.1334458, 39.690785 ] } },
{ "type": "Feature", "properties": { "緯度": 39.8669401, "経度": 141.1653584000001, "url": "https://www.kaigokensaku.mhlw.go.jp/03/index.php?action_kouhyou_detail_004_kani=true&JigyosyoCd=372100859-00&ServiceCd=150&Type=search", "url2": "http://www.nisshindo-g.com/", "内容": "特別養護老人ホームすずらんガーデン通所介護事業所【通所介護】岩手県盛岡市好摩字芋田向８３－２５", "サービスの種類": "通所介護" }, "geometry": { "type": "Point", "coordinates": [ 141.165358400000088, 39.8669401 ] } },
{ "type": "Feature", "properties": { "緯度": 39.7192946, "経度": 141.112401, "url": "https://www.kaigokensaku.mhlw.go.jp/03/index.php?action_kouhyou_detail_004_kani=true&JigyosyoCd=370100240-00&ServiceCd=150&Type=search", "url2": "http://www.wakeisou.or.jp/", "内容": "青山和敬荘【通所介護】岩手県盛岡市南青山町１３番３０号", "サービスの種類": "通所介護" }, "geometry": { "type": "Point", "coordinates": [ 141.112401, 39.7192946 ] } },
{ "type": "Feature", "properties": { "緯度": 39.7120275, "経度": 141.1793091, "url": "https://www.kaigokensaku.mhlw.go.jp/03/index.php?action_kouhyou_detail_004_kani=true&JigyosyoCd=370100257-00&ServiceCd=150&Type=search", "url2": "http://www.wakeisou.or.jp/", "内容": "浅岸和敬荘通所介護事業所【通所介護】岩手県盛岡市浅岸三丁目23番50号", "サービスの種類": "通所介護" }, "geometry": { "type": "Point", "coordinates": [ 141.179309100000012, 39.7120275 ] } },
{ "type": "Feature", "properties": { "緯度": 39.68873, "経度": 141.1802124, "url": "https://www.kaigokensaku.mhlw.go.jp/03/index.php?action_kouhyou_detail_004_kani=true&JigyosyoCd=370100745-00&ServiceCd=150&Type=search", "url2": null, "内容": "五月園指定通所介護事業所【通所介護】岩手県盛岡市東山二丁目5-19", "サービスの種類": "通所介護" }, "geometry": { "type": "Point", "coordinates": [ 141.180212399999988, 39.68873 ] } },
{ "type": "Feature", "properties": { "緯度": 39.7073997, "経度": 141.1609581, "url": "https://www.kaigokensaku.mhlw.go.jp/03/index.php?action_kouhyou_detail_004_kani=true&JigyosyoCd=370104044-00&ServiceCd=150&Type=search", "url2": "https://kaigonomori.net/", "内容": "機能訓練センター加賀野【通所介護】岩手県盛岡市加賀野１－２－３５", "サービスの種類": "通所介護" }, "geometry": { "type": "Point", "coordinates": [ 141.160958099999988, 39.7073997 ] } },
{ "type": "Feature", "properties": { "緯度": 39.7151586, "経度": 141.1038907, "url": "https://www.kaigokensaku.mhlw.go.jp/03/index.php?action_kouhyou_detail_004_kani=true&JigyosyoCd=370106114-00&ServiceCd=150&Type=search", "url2": null, "内容": "デイサービス結の家【通所介護】岩手県盛岡市長橋町６番１号", "サービスの種類": "通所介護" }, "geometry": { "type": "Point", "coordinates": [ 141.1038907, 39.7151586 ] } },
{ "type": "Feature", "properties": { "緯度": 39.6399154, "経度": 141.1650356, "url": "https://www.kaigokensaku.mhlw.go.jp/03/index.php?action_kouhyou_detail_004_kani=true&JigyosyoCd=370106197-00&ServiceCd=150&Type=search", "url2": "https://www.icare-center.net/facilities", "内容": "愛ケアセンターデイサービスまごころ【通所介護】岩手県盛岡市西見前13地割76愛ケアセンター西見前", "サービスの種類": "通所介護" }, "geometry": { "type": "Point", "coordinates": [ 141.16503560000001, 39.6399154 ] } },
{ "type": "Feature", "properties": { "緯度": 39.72618407087171, "経度": 141.10551252935059, "url": "https://www.kaigokensaku.mhlw.go.jp/03/index.php?action_kouhyou_detail_004_kani=true&JigyosyoCd=370106585-00&ServiceCd=150&Type=search", "url2": null, "内容": "デイサービス結の家青山【通所介護】岩手県盛岡市西青山二丁目10番21号", "サービスの種類": "通所介護" }, "geometry": { "type": "Point", "coordinates": [ 141.105512529350591, 39.72618407087171 ] } },
{ "type": "Feature", "properties": { "緯度": 39.6344944, "経度": 141.1708088, "url": "https://www.kaigokensaku.mhlw.go.jp/03/index.php?action_kouhyou_detail_004_kani=true&JigyosyoCd=370107294-00&ServiceCd=150&Type=search", "url2": "http://www.kaigonomori.net", "内容": "ADL向上センター【通所介護】岩手県盛岡市西見前11地割207-3", "サービスの種類": "通所介護" }, "geometry": { "type": "Point", "coordinates": [ 141.1708088, 39.6344944 ] } },
{ "type": "Feature", "properties": { "緯度": 39.7216052, "経度": 141.1025832, "url": "https://www.kaigokensaku.mhlw.go.jp/03/index.php?action_kouhyou_detail_004_kani=true&JigyosyoCd=370107773-00&ServiceCd=150&Type=search", "url2": "https://www.minenoyama.co.jp", "内容": "デイサービスふくろうの広場長橋台【通所介護】岩手県盛岡市長橋町25番1号", "サービスの種類": "通所介護" }, "geometry": { "type": "Point", "coordinates": [ 141.1025832, 39.721605200000013 ] } },
{ "type": "Feature", "properties": { "緯度": 39.7136931, "経度": 141.14761739999989, "url": "https://www.kaigokensaku.mhlw.go.jp/03/index.php?action_kouhyou_detail_004_kani=true&JigyosyoCd=370100265-00&ServiceCd=150&Type=search", "url2": "http://www.nichiigakkan.co.jp", "内容": "ニチイケアセンター上田【通所介護】岩手県盛岡市上田一丁目３番４３号", "サービスの種類": "通所介護" }, "geometry": { "type": "Point", "coordinates": [ 141.147617399999888, 39.7136931 ] } },
{ "type": "Feature", "properties": { "緯度": 39.656124249985723, "経度": 141.15682015092631, "url": "https://www.kaigokensaku.mhlw.go.jp/03/index.php?action_kouhyou_detail_004_kani=true&JigyosyoCd=370100273-00&ServiceCd=150&Type=search", "url2": "http://www.nichiigakkan.co.jp", "内容": "ニチイケアセンター盛岡南【通所介護】岩手県盛岡市津志田14地割112番地", "サービスの種類": "通所介護" }, "geometry": { "type": "Point", "coordinates": [ 141.156820150926308, 39.656124249985723 ] } },
{ "type": "Feature", "properties": { "緯度": 39.6113176, "経度": 141.1950503, "url": "https://www.kaigokensaku.mhlw.go.jp/03/index.php?action_kouhyou_detail_004_kani=true&JigyosyoCd=370101008-00&ServiceCd=150&Type=search", "url2": "http://nozomikai.or.jp/", "内容": "希望の里デイサービスセンター【通所介護】岩手県盛岡市乙部5地割41番地１", "サービスの種類": "通所介護" }, "geometry": { "type": "Point", "coordinates": [ 141.1950503, 39.6113176 ] } },
{ "type": "Feature", "properties": { "緯度": 39.7417064, "経度": 141.1165555, "url": "https://www.kaigokensaku.mhlw.go.jp/03/index.php?action_kouhyou_detail_004_kani=true&JigyosyoCd=370101974-00&ServiceCd=150&Type=search", "url2": "http://www.nichiigakkan.co.jp", "内容": "ニチイケアセンター盛岡北【通所介護】岩手県盛岡市みたけ三丁目38番50号", "サービスの種類": "通所介護" }, "geometry": { "type": "Point", "coordinates": [ 141.1165555, 39.7417064 ] } },
{ "type": "Feature", "properties": { "緯度": 39.6204437, "経度": 141.1850984, "url": "https://www.kaigokensaku.mhlw.go.jp/03/index.php?action_kouhyou_detail_004_kani=true&JigyosyoCd=370105538-00&ServiceCd=150&Type=search", "url2": null, "内容": "めだかのデイ3号館【通所介護】岩手県盛岡市黒川22-65-1", "サービスの種類": "通所介護" }, "geometry": { "type": "Point", "coordinates": [ 141.185098399999987, 39.6204437 ] } },
{ "type": "Feature", "properties": { "緯度": 39.6529084, "経度": 141.1542552, "url": "https://www.kaigokensaku.mhlw.go.jp/03/index.php?action_kouhyou_detail_004_kani=true&JigyosyoCd=370105868-00&ServiceCd=150&Type=search", "url2": "https://www.lets-club.jp/shop/moriokaminami/", "内容": "レッツ倶楽部盛岡南【通所介護】岩手県盛岡市永井24地割91番地3", "サービスの種類": "通所介護" }, "geometry": { "type": "Point", "coordinates": [ 141.1542552, 39.652908400000022 ] } },
{ "type": "Feature", "properties": { "緯度": 39.7078764, "経度": 141.12042, "url": "https://www.kaigokensaku.mhlw.go.jp/03/index.php?action_kouhyou_detail_004_kani=true&JigyosyoCd=370106346-00&ServiceCd=150&Type=search", "url2": "http://www.sykz.co.jp", "内容": "中屋敷ケアセンターそよ風【通所介護】岩手県盛岡市中屋敷町6-17", "サービスの種類": "通所介護" }, "geometry": { "type": "Point", "coordinates": [ 141.12042, 39.7078764 ] } },
{ "type": "Feature", "properties": { "緯度": 39.7127132, "経度": 141.1669239, "url": "https://www.kaigokensaku.mhlw.go.jp/03/index.php?action_kouhyou_detail_004_kani=true&JigyosyoCd=370106916-00&ServiceCd=150&Type=search", "url2": null, "内容": "デイサービス愛語・山岸【通所介護】岩手県盛岡市山岸1丁目6番20号", "サービスの種類": "通所介護" }, "geometry": { "type": "Point", "coordinates": [ 141.1669239, 39.7127132 ] } },
{ "type": "Feature", "properties": { "緯度": 39.7297717, "経度": 141.1577996, "url": "https://www.kaigokensaku.mhlw.go.jp/03/index.php?action_kouhyou_detail_004_kani=true&JigyosyoCd=370107195-00&ServiceCd=150&Type=search", "url2": "https://corp.sykz.co.jp", "内容": "盛岡北ケアコミュニティそよ風【通所介護】岩手県盛岡市三ツ割4丁目7-17", "サービスの種類": "通所介護" }, "geometry": { "type": "Point", "coordinates": [ 141.1577996, 39.7297717 ] } },
{ "type": "Feature", "properties": { "緯度": 39.6897606, "経度": 141.1616861, "url": "https://www.kaigokensaku.mhlw.go.jp/03/index.php?action_kouhyou_detail_004_kani=true&JigyosyoCd=370107351-00&ServiceCd=150&Type=search", "url2": "http://sankyo-ika.jp/publics/index/64", "内容": "あったかいごデイサービスみこだ【通所介護】岩手県盛岡市神子田町16番38号あったかいごデイサービスみこだ", "サービスの種類": "通所介護" }, "geometry": { "type": "Point", "coordinates": [ 141.1616861, 39.6897606 ] } },
{ "type": "Feature", "properties": { "緯度": 39.6800207, "経度": 141.1644209, "url": "https://www.kaigokensaku.mhlw.go.jp/03/index.php?action_kouhyou_detail_004_kani=true&JigyosyoCd=370107393-00&ServiceCd=150&Type=search", "url2": "http://sankyo-ika.jp", "内容": "あったかいごデイサービス東安庭【通所介護】岩手県盛岡市東安庭一丁目２３番６８号", "サービスの種類": "通所介護" }, "geometry": { "type": "Point", "coordinates": [ 141.16442090000001, 39.6800207 ] } },
{ "type": "Feature", "properties": { "緯度": 39.6185282, "経度": 141.9471049, "url": "https://www.kaigokensaku.mhlw.go.jp/03/index.php?action_kouhyou_detail_004_kani=true&JigyosyoCd=370200784-00&ServiceCd=150&Type=search", "url2": null, "内容": "ニチイケアセンター八木沢【通所介護】岩手県宮古市八木沢第4地割96-1", "サービスの種類": "通所介護" }, "geometry": { "type": "Point", "coordinates": [ 141.9471049, 39.6185282 ] } },
{ "type": "Feature", "properties": { "緯度": 39.565446044451811, "経度": 141.92714273929599, "url": "https://www.kaigokensaku.mhlw.go.jp/03/index.php?action_kouhyou_detail_004_kani=true&JigyosyoCd=370200263-00&ServiceCd=150&Type=search", "url2": null, "内容": "宮古市清寿荘デイサービスセンター【通所介護】岩手県宮古市津軽石第１４地割３８番地３", "サービスの種類": "通所介護" }, "geometry": { "type": "Point", "coordinates": [ 141.927142739295988, 39.565446044451811 ] } },
{ "type": "Feature", "properties": { "緯度": 39.5994299, "経度": 141.6789164, "url": "https://www.kaigokensaku.mhlw.go.jp/03/index.php?action_kouhyou_detail_004_kani=true&JigyosyoCd=370200594-00&ServiceCd=150&Type=search", "url2": null, "内容": "宮古市社会福祉協議会むつわ荘デイサービス事業所【通所介護】岩手県宮古市川井第2地割165番地宮古市高齢者生活福祉センター「むつわ荘」", "サービスの種類": "通所介護" }, "geometry": { "type": "Point", "coordinates": [ 141.678916399999906, 39.5994299 ] } },
{ "type": "Feature", "properties": { "緯度": 39.6301078, "経度": 141.9603339, "url": "https://www.kaigokensaku.mhlw.go.jp/03/index.php?action_kouhyou_detail_004_kani=true&JigyosyoCd=370200669-00&ServiceCd=150&Type=search", "url2": "http://www.riasbb.net/~kagayakilife/", "内容": "かがやきデイサロン【通所介護】岩手県宮古市磯鶏西６番４号", "サービスの種類": "通所介護" }, "geometry": { "type": "Point", "coordinates": [ 141.9603339, 39.6301078 ] } },
{ "type": "Feature", "properties": { "緯度": 39.63367, "経度": 141.9196791, "url": "https://www.kaigokensaku.mhlw.go.jp/03/index.php?action_kouhyou_detail_004_kani=true&JigyosyoCd=370200982-00&ServiceCd=150&Type=search", "url2": null, "内容": "宮古市千徳デイサービスセンター【通所介護】岩手県宮古市千徳町5番37号", "サービスの種類": "通所介護" }, "geometry": { "type": "Point", "coordinates": [ 141.919679099999911, 39.63367 ] } },
{ "type": "Feature", "properties": { "緯度": 39.6349594, "経度": 141.9399439, "url": "https://www.kaigokensaku.mhlw.go.jp/03/index.php?action_kouhyou_detail_004_kani=true&JigyosyoCd=370200099-00&ServiceCd=150&Type=search", "url2": "http://www.miyako-shakyo.or.jp", "内容": "宮古市社会福祉協議会デイサービスセンター【通所介護】岩手県宮古市小山田二丁目9番20号", "サービスの種類": "通所介護" }, "geometry": { "type": "Point", "coordinates": [ 141.9399439, 39.6349594 ] } },
{ "type": "Feature", "properties": { "緯度": 39.6385947, "経度": 141.92860040000011, "url": "https://www.kaigokensaku.mhlw.go.jp/03/index.php?action_kouhyou_detail_004_kani=true&JigyosyoCd=370200065-00&ServiceCd=150&Type=search", "url2": "http://www.nichiigakkan.co.jp", "内容": "ニチイケアセンター宮古【通所介護】岩手県宮古市太田一丁目2番3号", "サービスの種類": "通所介護" }, "geometry": { "type": "Point", "coordinates": [ 141.928600400000107, 39.6385947 ] } },
{ "type": "Feature", "properties": { "緯度": 39.6597928, "経度": 141.9516206000001, "url": "https://www.kaigokensaku.mhlw.go.jp/03/index.php?action_kouhyou_detail_004_kani=true&JigyosyoCd=370200123-00&ServiceCd=150&Type=search", "url2": "http://www.wakatakekai.or.jp/", "内容": "指定通所介護事業所サンホームみやこ【通所介護】岩手県宮古市崎鍬ヶ崎第4地割1番地20", "サービスの種類": "通所介護" }, "geometry": { "type": "Point", "coordinates": [ 141.951620600000098, 39.6597928 ] } },
{ "type": "Feature", "properties": { "緯度": 39.7308173, "経度": 141.9390699, "url": "https://www.kaigokensaku.mhlw.go.jp/03/index.php?action_kouhyou_detail_004_kani=true&JigyosyoCd=373000512-00&ServiceCd=150&Type=search", "url2": "http:/www.tarouwasinkai.or.jp/", "内容": "ふれあい荘デイサービスセンター【通所介護】岩手県宮古市田老字養呂地6番地2", "サービスの種類": "通所介護" }, "geometry": { "type": "Point", "coordinates": [ 141.9390699, 39.730817300000012 ] } },
{ "type": "Feature", "properties": { "緯度": 39.0706142, "経度": 141.7113478, "url": "https://www.kaigokensaku.mhlw.go.jp/03/index.php?action_kouhyou_detail_004_kani=true&JigyosyoCd=370300667-00&ServiceCd=150&Type=search", "url2": "http://www.tenjinkai.com/", "内容": "リハビリ特化型デイサービス「ひまわり俱楽部」【通所介護】岩手県大船渡市大船渡町字山馬越196番地", "サービスの種類": "通所介護" }, "geometry": { "type": "Point", "coordinates": [ 141.7113478, 39.0706142 ] } },
{ "type": "Feature", "properties": { "緯度": 39.1021184, "経度": 141.7173673, "url": "https://www.kaigokensaku.mhlw.go.jp/03/index.php?action_kouhyou_detail_004_kani=true&JigyosyoCd=370300071-00&ServiceCd=150&Type=search", "url2": "http://www.i-seijinkai.jp", "内容": "大船渡市デイサービスセンター【通所介護】岩手県大船渡市立根町字田ノ上３０番地２２", "サービスの種類": "通所介護" }, "geometry": { "type": "Point", "coordinates": [ 141.7173673, 39.102118399999988 ] } },
{ "type": "Feature", "properties": { "緯度": 39.114914876816208, "経度": 141.71999848346709, "url": "https://www.kaigokensaku.mhlw.go.jp/03/index.php?action_kouhyou_detail_004_kani=true&JigyosyoCd=370300246-00&ServiceCd=150&Type=search", "url2": null, "内容": "大船渡市農業協同組合指定通所介護事業所立根（JAおおふなとデイサービスセンター立根）【通所介護】岩手県大船渡市立根町字関谷45番地１", "サービスの種類": "通所介護" }, "geometry": { "type": "Point", "coordinates": [ 141.719998483467094, 39.114914876816208 ] } },
{ "type": "Feature", "properties": { "緯度": 39.1261399, "経度": 141.6728817000001, "url": "https://www.kaigokensaku.mhlw.go.jp/03/index.php?action_kouhyou_detail_004_kani=true&JigyosyoCd=370300386-00&ServiceCd=150&Type=search", "url2": "https://www.jaiwate.or.jp/ofunato/", "内容": "大船渡市農業協同組合指定通所介護事業所日頃市(JAおおふなとデイサービスセンター日頃市）【通所介護】岩手県大船渡市日頃市町字関谷45番地3", "サービスの種類": "通所介護" }, "geometry": { "type": "Point", "coordinates": [ 141.67288170000009, 39.126139900000013 ] } },
{ "type": "Feature", "properties": { "緯度": 39.0296908, "経度": 141.7114813000001, "url": "https://www.kaigokensaku.mhlw.go.jp/03/index.php?action_kouhyou_detail_004_kani=true&JigyosyoCd=370300428-00&ServiceCd=150&Type=search", "url2": null, "内容": "丸森デイサービス【通所介護】岩手県大船渡市大船渡町字丸森15-1", "サービスの種類": "通所介護" }, "geometry": { "type": "Point", "coordinates": [ 141.711481300000088, 39.0296908 ] } },
{ "type": "Feature", "properties": { "緯度": 39.3763047, "経度": 141.1187426, "url": "https://www.kaigokensaku.mhlw.go.jp/03/index.php?action_kouhyou_detail_004_kani=true&JigyosyoCd=370501868-00&ServiceCd=150&Type=search", "url2": "https://7dots.co.jp/", "内容": "花梨【通所介護】岩手県花巻市桜町一丁目２５８番１号", "サービスの種類": "通所介護" }, "geometry": { "type": "Point", "coordinates": [ 141.1187426, 39.3763047 ] } },
{ "type": "Feature", "properties": { "緯度": 39.4215929, "経度": 141.0863892, "url": "https://www.kaigokensaku.mhlw.go.jp/03/index.php?action_kouhyou_detail_004_kani=true&JigyosyoCd=370500381-00&ServiceCd=150&Type=search", "url2": "http://www.jahanamaki.or.jp/", "内容": "ＪＡいわて花巻デイサービスセンターグリーンホーム落合【通所介護】岩手県花巻市椚ノ目4地割99番地1", "サービスの種類": "通所介護" }, "geometry": { "type": "Point", "coordinates": [ 141.086389200000013, 39.4215929 ] } },
{ "type": "Feature", "properties": { "緯度": 39.448817, "経度": 141.0961793, "url": "https://www.kaigokensaku.mhlw.go.jp/03/index.php?action_kouhyou_detail_004_kani=true&JigyosyoCd=370501959-00&ServiceCd=150&Type=search", "url2": null, "内容": "デイサービス六花【通所介護】岩手県花巻市大畑1-24-2", "サービスの種類": "通所介護" }, "geometry": { "type": "Point", "coordinates": [ 141.096179299999989, 39.448817 ] } },
{ "type": "Feature", "properties": { "緯度": 39.4063854, "経度": 141.0199346, "url": "https://www.kaigokensaku.mhlw.go.jp/03/index.php?action_kouhyou_detail_004_kani=true&JigyosyoCd=370500225-00&ServiceCd=150&Type=search", "url2": "http://ootanisou.jp", "内容": "大谷荘デイサービスセンター指定通所介護事業所【通所介護】岩手県花巻市湯口字松原53番地1", "サービスの種類": "通所介護" }, "geometry": { "type": "Point", "coordinates": [ 141.019934599999914, 39.4063854 ] } },
{ "type": "Feature", "properties": { "緯度": 39.451022, "経度": 141.1753464, "url": "https://www.kaigokensaku.mhlw.go.jp/03/index.php?action_kouhyou_detail_004_kani=true&JigyosyoCd=372300335-00&ServiceCd=150&Type=search", "url2": null, "内容": "八重畑デイサービスセンター【通所介護】岩手県花巻市石鳥谷町猪鼻第6地割32番地8", "サービスの種類": "通所介護" }, "geometry": { "type": "Point", "coordinates": [ 141.1753464, 39.451022 ] } },
{ "type": "Feature", "properties": { "緯度": 39.495004419585747, "経度": 141.14395292012941, "url": "https://www.kaigokensaku.mhlw.go.jp/03/index.php?action_kouhyou_detail_004_kani=true&JigyosyoCd=370501611-00&ServiceCd=150&Type=search", "url2": "https://www.peaceheart.jp/", "内容": "デイサービスセンターピースハート石鳥谷【通所介護】岩手県花巻市石鳥谷町好地第３地割１８０番地１", "サービスの種類": "通所介護" }, "geometry": { "type": "Point", "coordinates": [ 141.143952920129408, 39.495004419585747 ] } },
{ "type": "Feature", "properties": { "緯度": 39.3977382, "経度": 141.1122623, "url": "https://www.kaigokensaku.mhlw.go.jp/03/index.php?action_kouhyou_detail_004_kani=true&JigyosyoCd=370501801-00&ServiceCd=150&Type=search", "url2": null, "内容": "デイサービス・きらら花北【通所介護】岩手県花巻市下幅5番1号", "サービスの種類": "通所介護" }, "geometry": { "type": "Point", "coordinates": [ 141.1122623, 39.3977382 ] } },
{ "type": "Feature", "properties": { "緯度": 39.3912805, "経度": 141.0987083, "url": "https://www.kaigokensaku.mhlw.go.jp/03/index.php?action_kouhyou_detail_004_kani=true&JigyosyoCd=370500282-00&ServiceCd=150&Type=search", "url2": "http://iris-hanamaki.jp/", "内容": "アイリス花巻デイサービスセンター指定通所介護事業所【通所介護】岩手県花巻市南万丁目970番地２", "サービスの種類": "通所介護" }, "geometry": { "type": "Point", "coordinates": [ 141.0987083, 39.3912805 ] } },
{ "type": "Feature", "properties": { "緯度": 39.4693338, "経度": 141.2834867, "url": "https://www.kaigokensaku.mhlw.go.jp/03/index.php?action_kouhyou_detail_004_kani=true&JigyosyoCd=372300137-00&ServiceCd=150&Type=search", "url2": "http://oohasamatoujukai.or.jp/", "内容": "桐の里デイサービスセンター【通所介護】岩手県花巻市大迫町大迫第１１地割１番地９", "サービスの種類": "通所介護" }, "geometry": { "type": "Point", "coordinates": [ 141.2834867, 39.4693338 ] } },
{ "type": "Feature", "properties": { "緯度": 39.483051, "経度": 141.140151, "url": "https://www.kaigokensaku.mhlw.go.jp/03/index.php?action_kouhyou_detail_004_kani=true&JigyosyoCd=370501686-00&ServiceCd=150&Type=search", "url2": null, "内容": "茶話本舗デイサービス石鳥谷【通所介護】岩手県花巻市石鳥谷町中寺林6-76-2", "サービスの種類": "通所介護" }, "geometry": { "type": "Point", "coordinates": [ 141.140151, 39.483051 ] } },
{ "type": "Feature", "properties": { "緯度": 39.3905938, "経度": 141.107795, "url": "https://www.kaigokensaku.mhlw.go.jp/03/index.php?action_kouhyou_detail_004_kani=true&JigyosyoCd=370501827-00&ServiceCd=150&Type=search", "url2": "http://www.rehanic.jp/", "内容": "リハビリ特化型デイサービスリハニック花巻【通所介護】岩手県花巻市西大通り1丁目14-9", "サービスの種類": "通所介護" }, "geometry": { "type": "Point", "coordinates": [ 141.107795, 39.3905938 ] } },
{ "type": "Feature", "properties": { "緯度": 39.5032076, "経度": 141.1611513, "url": "https://www.kaigokensaku.mhlw.go.jp/03/index.php?action_kouhyou_detail_004_kani=true&JigyosyoCd=372300087-00&ServiceCd=150&Type=search", "url2": "https://www.ishidoriyasou.jp/", "内容": "いしどりや荘デイサービスセンター【通所介護】岩手県花巻市石鳥谷町好地第１４地割１０番地", "サービスの種類": "通所介護" }, "geometry": { "type": "Point", "coordinates": [ 141.1611513, 39.5032076 ] } },
{ "type": "Feature", "properties": { "緯度": 39.5016688, "経度": 141.15791549999989, "url": "https://www.kaigokensaku.mhlw.go.jp/03/index.php?action_kouhyou_detail_004_kani=true&JigyosyoCd=372300301-00&ServiceCd=150&Type=search", "url2": "http://www.houjyukai-iwate.com", "内容": "宝寿荘デイサービスセンター【通所介護】岩手県花巻市石鳥谷町一丁目3番地３", "サービスの種類": "通所介護" }, "geometry": { "type": "Point", "coordinates": [ 141.157915499999888, 39.5016688 ] } },
{ "type": "Feature", "properties": { "緯度": 39.4729277, "経度": 141.1685904, "url": "https://www.kaigokensaku.mhlw.go.jp/03/index.php?action_kouhyou_detail_004_kani=true&JigyosyoCd=372300293-00&ServiceCd=150&Type=search", "url2": null, "内容": "デイサービスほっと事業所【通所介護】岩手県花巻市石鳥谷町新堀53-15", "サービスの種類": "通所介護" }, "geometry": { "type": "Point", "coordinates": [ 141.1685904, 39.4729277 ] } },
{ "type": "Feature", "properties": { "緯度": 39.3913903, "経度": 141.1592525, "url": "https://www.kaigokensaku.mhlw.go.jp/03/index.php?action_kouhyou_detail_004_kani=true&JigyosyoCd=370500175-00&ServiceCd=150&Type=search", "url2": "http://hanamaki-syakyo.or.jp/", "内容": "社会福祉法人花巻市社会福祉協議会指定矢沢通所介護事業所【通所介護】岩手県花巻市高松第３地割85番地1矢沢地域福祉センター", "サービスの種類": "通所介護" }, "geometry": { "type": "Point", "coordinates": [ 141.1592525, 39.3913903 ] } },
{ "type": "Feature", "properties": { "緯度": 39.361856819042579, "経度": 141.05300184449459, "url": "https://www.kaigokensaku.mhlw.go.jp/03/index.php?action_kouhyou_detail_004_kani=true&JigyosyoCd=370500183-00&ServiceCd=150&Type=search", "url2": "https://hanamaki-syakyo.or.jp/", "内容": "花巻市社会福祉協議会指定西南通所介護事業所【通所介護】岩手県花巻市轟木7-188-1", "サービスの種類": "通所介護" }, "geometry": { "type": "Point", "coordinates": [ 141.053001844494588, 39.361856819042579 ] } },
{ "type": "Feature", "properties": { "緯度": 39.4265824, "経度": 141.1271816, "url": "https://www.kaigokensaku.mhlw.go.jp/03/index.php?action_kouhyou_detail_004_kani=true&JigyosyoCd=370500191-00&ServiceCd=150&Type=search", "url2": "http://hanamaki-syakyo.or.jp", "内容": "花巻市社会福祉協議会指定宮野目通所介護事業所【通所介護】岩手県花巻市西宮野目第６地割９７番地１", "サービスの種類": "通所介護" }, "geometry": { "type": "Point", "coordinates": [ 141.1271816, 39.4265824 ] } },
{ "type": "Feature", "properties": { "緯度": 39.4128057, "経度": 141.1076564, "url": "https://www.kaigokensaku.mhlw.go.jp/03/index.php?action_kouhyou_detail_004_kani=true&JigyosyoCd=370501041-00&ServiceCd=150&Type=search", "url2": "http://matsuzonofukushikai.jp/", "内容": "花巻あすかの杜指定通所介護事業所【通所介護】岩手県花巻市天下田100番地1", "サービスの種類": "通所介護" }, "geometry": { "type": "Point", "coordinates": [ 141.1076564, 39.4128057 ] } },
{ "type": "Feature", "properties": { "緯度": 39.3761132, "経度": 141.1046944, "url": "https://www.kaigokensaku.mhlw.go.jp/03/index.php?action_kouhyou_detail_004_kani=true&JigyosyoCd=370500704-00&ServiceCd=150&Type=search", "url2": "https://machinaka76.wixsite.com/machinaka-top", "内容": "まちなかデイ【通所介護】岩手県花巻市上諏訪407番地", "サービスの種類": "通所介護" }, "geometry": { "type": "Point", "coordinates": [ 141.1046944, 39.3761132 ] } },
{ "type": "Feature", "properties": { "緯度": 39.3685697, "経度": 141.1024949, "url": "https://www.kaigokensaku.mhlw.go.jp/03/index.php?action_kouhyou_detail_004_kani=true&JigyosyoCd=370500886-00&ServiceCd=150&Type=search", "url2": "https://siriuscare.jp/", "内容": "シリウスケアセンターすわ【通所介護】岩手県花巻市南諏訪町4番8号", "サービスの種類": "通所介護" }, "geometry": { "type": "Point", "coordinates": [ 141.102494900000011, 39.368569699999988 ] } },
{ "type": "Feature", "properties": { "緯度": 39.3917908, "経度": 141.0482019, "url": "https://www.kaigokensaku.mhlw.go.jp/03/index.php?action_kouhyou_detail_004_kani=true&JigyosyoCd=370501140-00&ServiceCd=150&Type=search", "url2": "http://花湯.com/", "内容": "デイサービスセンター花湯【通所介護】岩手県花巻市円万寺字中野40番地", "サービスの種類": "通所介護" }, "geometry": { "type": "Point", "coordinates": [ 141.0482019, 39.3917908 ] } },
{ "type": "Feature", "properties": { "緯度": 39.4007909, "経度": 141.12233289999989, "url": "https://www.kaigokensaku.mhlw.go.jp/03/index.php?action_kouhyou_detail_004_kani=true&JigyosyoCd=370501181-00&ServiceCd=150&Type=search", "url2": "http://www.nichiigakkan.co.jp", "内容": "ニチイケアセンター花巻【通所介護】岩手県花巻市四日町三丁目21番40号", "サービスの種類": "通所介護" }, "geometry": { "type": "Point", "coordinates": [ 141.12233289999989, 39.4007909 ] } },
{ "type": "Feature", "properties": { "緯度": 39.3986463, "経度": 141.1057905, "url": "https://www.kaigokensaku.mhlw.go.jp/03/index.php?action_kouhyou_detail_004_kani=true&JigyosyoCd=370501678-00&ServiceCd=150&Type=search", "url2": "https://www.fukurounosato.com", "内容": "デイサービスふくろうの里【通所介護】岩手県花巻市桜台2丁目24-30", "サービスの種類": "通所介護" }, "geometry": { "type": "Point", "coordinates": [ 141.105790500000012, 39.3986463 ] } },
{ "type": "Feature", "properties": { "緯度": 39.3986546, "経度": 141.1058237, "url": "https://www.kaigokensaku.mhlw.go.jp/03/index.php?action_kouhyou_detail_004_kani=true&JigyosyoCd=370501991-00&ServiceCd=150&Type=search", "url2": "https://www.fun-t.com", "内容": "機能強化型デイサービスファントレふくろう【通所介護】岩手県花巻市桜台二丁目24-30", "サービスの種類": "通所介護" }, "geometry": { "type": "Point", "coordinates": [ 141.1058237, 39.3986546 ] } },
{ "type": "Feature", "properties": { "緯度": 39.3724972, "経度": 141.2521869, "url": "https://www.kaigokensaku.mhlw.go.jp/03/index.php?action_kouhyou_detail_004_kani=true&JigyosyoCd=372400093-00&ServiceCd=150&Type=search", "url2": "http://towaso.jp/", "内容": "東和荘デイサービスセンター指定通所介護事業所【通所介護】岩手県花巻市東和町東晴山7区13番地", "サービスの種類": "通所介護" }, "geometry": { "type": "Point", "coordinates": [ 141.2521869, 39.3724972 ] } },
{ "type": "Feature", "properties": { "緯度": 39.296925, "経度": 141.1368273, "url": "https://www.kaigokensaku.mhlw.go.jp/03/index.php?action_kouhyou_detail_004_kani=true&JigyosyoCd=370601502-00&ServiceCd=150&Type=search", "url2": "http://www.nagominakazato.net", "内容": "通所介護なごみ【通所介護】岩手県北上市黒沢尻4丁目8-20", "サービスの種類": "通所介護" }, "geometry": { "type": "Point", "coordinates": [ 141.1368273, 39.296925 ] } },
{ "type": "Feature", "properties": { "緯度": 39.2818017, "経度": 141.1327726, "url": "https://www.kaigokensaku.mhlw.go.jp/03/index.php?action_kouhyou_detail_004_kani=true&JigyosyoCd=370600199-00&ServiceCd=150&Type=search", "url2": "http://hakuaikai-kitakami.or.jp/dayservice.htm#", "内容": "エスカールデイサービスセンター【通所介護】岩手県北上市立花10地割38番地", "サービスの種類": "通所介護" }, "geometry": { "type": "Point", "coordinates": [ 141.13277260000001, 39.2818017 ] } },
{ "type": "Feature", "properties": { "緯度": 39.2715702, "経度": 141.115049, "url": "https://www.kaigokensaku.mhlw.go.jp/03/index.php?action_kouhyou_detail_004_kani=true&JigyosyoCd=370601767-00&ServiceCd=150&Type=search", "url2": "https://keigo-group.co.jp/shop/iwateken/1306/", "内容": "コンパスウオーク北上鬼柳【通所介護】岩手県北上市鬼柳町古川83番2", "サービスの種類": "通所介護" }, "geometry": { "type": "Point", "coordinates": [ 141.115049, 39.2715702 ] } },
{ "type": "Feature", "properties": { "緯度": 39.293481356340287, "経度": 141.0981138958108, "url": "https://www.kaigokensaku.mhlw.go.jp/03/index.php?action_kouhyou_detail_004_kani=true&JigyosyoCd=370601643-00&ServiceCd=150&Type=search", "url2": "http://kitaeroom.com/shop/post-47.shtml", "内容": "デイサービスきたえる～む北上中央【通所介護】岩手県北上市北鬼柳18地割50番地1", "サービスの種類": "通所介護" }, "geometry": { "type": "Point", "coordinates": [ 141.098113895810798, 39.293481356340287 ] } },
{ "type": "Feature", "properties": { "緯度": 39.3302467, "経度": 141.1586049, "url": "https://www.kaigokensaku.mhlw.go.jp/03/index.php?action_kouhyou_detail_004_kani=true&JigyosyoCd=370600157-00&ServiceCd=150&Type=search", "url2": "http://hakuaikai-kitakami.or.jp/dayservice.htm", "内容": "八天の里デイサービスセンター【通所介護】岩手県北上市更木３４－３２０－１", "サービスの種類": "通所介護" }, "geometry": { "type": "Point", "coordinates": [ 141.1586049, 39.3302467 ] } },
{ "type": "Feature", "properties": { "緯度": 39.2967955, "経度": 141.1179227, "url": "https://www.kaigokensaku.mhlw.go.jp/03/index.php?action_kouhyou_detail_004_kani=true&JigyosyoCd=370601684-00&ServiceCd=150&Type=search", "url2": "https://mirakukai.com/", "内容": "デイサービスセンターさくら爽【通所介護】岩手県北上市さくら通り3丁目7-7", "サービスの種類": "通所介護" }, "geometry": { "type": "Point", "coordinates": [ 141.1179227, 39.2967955 ] } },
{ "type": "Feature", "properties": { "緯度": 39.29136575488743, "経度": 141.11716571113129, "url": "https://www.kaigokensaku.mhlw.go.jp/03/index.php?action_kouhyou_detail_004_kani=true&JigyosyoCd=370601759-00&ServiceCd=150&Type=search", "url2": null, "内容": "ツクイ北上【通所介護】岩手県北上市本石町2-1-41", "サービスの種類": "通所介護" }, "geometry": { "type": "Point", "coordinates": [ 141.117165711131292, 39.29136575488743 ] } },
{ "type": "Feature", "properties": { "緯度": 39.2869507, "経度": 141.1184654, "url": "https://www.kaigokensaku.mhlw.go.jp/03/index.php?action_kouhyou_detail_004_kani=true&JigyosyoCd=370600660-00&ServiceCd=150&Type=search", "url2": null, "内容": "デイサービスセンターつどい【通所介護】岩手県北上市諏訪町二丁目5番1号", "サービスの種類": "通所介護" }, "geometry": { "type": "Point", "coordinates": [ 141.1184654, 39.2869507 ] } },
{ "type": "Feature", "properties": { "緯度": 39.3107909, "経度": 140.97113220000011, "url": "https://www.kaigokensaku.mhlw.go.jp/03/index.php?action_kouhyou_detail_004_kani=true&JigyosyoCd=370600702-00&ServiceCd=150&Type=search", "url2": "http://sun-milk.com/", "内容": "横川目デイサービス長寿園【通所介護】岩手県北上市和賀町横川目13-3-3", "サービスの種類": "通所介護" }, "geometry": { "type": "Point", "coordinates": [ 140.971132200000113, 39.3107909 ] } },
{ "type": "Feature", "properties": { "緯度": 39.2405856, "経度": 140.9849806, "url": "https://www.kaigokensaku.mhlw.go.jp/03/index.php?action_kouhyou_detail_004_kani=true&JigyosyoCd=370600876-00&ServiceCd=150&Type=search", "url2": null, "内容": "デイサービスセンターほっと東館【通所介護】岩手県北上市和賀町岩崎1地割１１４番地", "サービスの種類": "通所介護" }, "geometry": { "type": "Point", "coordinates": [ 140.9849806, 39.2405856 ] } },
{ "type": "Feature", "properties": { "緯度": 39.2953481, "経度": 141.0383269, "url": "https://www.kaigokensaku.mhlw.go.jp/03/index.php?action_kouhyou_detail_004_kani=true&JigyosyoCd=370600066-00&ServiceCd=150&Type=search", "url2": "http://www.waganosato.or.jp/", "内容": "わがの里デイサービスセンター【通所介護】岩手県北上市下江釣子１０地割７４番３", "サービスの種類": "通所介護" }, "geometry": { "type": "Point", "coordinates": [ 141.038326899999987, 39.2953481 ] } },
{ "type": "Feature", "properties": { "緯度": 39.264540825265279, "経度": 141.09839809510649, "url": "https://www.kaigokensaku.mhlw.go.jp/03/index.php?action_kouhyou_detail_004_kani=true&JigyosyoCd=370600140-00&ServiceCd=150&Type=search", "url2": null, "内容": "敬愛園デイサービスセンター【通所介護】岩手県北上市大堤西一丁目３番１２号", "サービスの種類": "通所介護" }, "geometry": { "type": "Point", "coordinates": [ 141.098398095106489, 39.264540825265279 ] } },
{ "type": "Feature", "properties": { "緯度": 39.3320901, "経度": 141.0992935, "url": "https://www.kaigokensaku.mhlw.go.jp/03/index.php?action_kouhyou_detail_004_kani=true&JigyosyoCd=370600330-00&ServiceCd=150&Type=search", "url2": "http://keiwakai.info/", "内容": "デイサービスセンターいいとよ【通所介護】岩手県北上市村崎野１２地割７４番地１８", "サービスの種類": "通所介護" }, "geometry": { "type": "Point", "coordinates": [ 141.099293499999902, 39.332090099999988 ] } },
{ "type": "Feature", "properties": { "緯度": 39.3081735, "経度": 141.123681, "url": "https://www.kaigokensaku.mhlw.go.jp/03/index.php?action_kouhyou_detail_004_kani=true&JigyosyoCd=370600454-00&ServiceCd=150&Type=search", "url2": "http://www.nichiigakkan.co.jp", "内容": "ニチイケアセンター北上中央【通所介護】岩手県北上市上野町三丁目21番19号", "サービスの種類": "通所介護" }, "geometry": { "type": "Point", "coordinates": [ 141.123681, 39.3081735 ] } },
{ "type": "Feature", "properties": { "緯度": 39.3070373, "経度": 141.110796, "url": "https://www.kaigokensaku.mhlw.go.jp/03/index.php?action_kouhyou_detail_004_kani=true&JigyosyoCd=370600470-00&ServiceCd=150&Type=search", "url2": "http://caretokiwa.main.jp", "内容": "デイサービスセンター常盤台【通所介護】岩手県北上市常盤台四丁目７番２８号", "サービスの種類": "通所介護" }, "geometry": { "type": "Point", "coordinates": [ 141.110796, 39.3070373 ] } },
{ "type": "Feature", "properties": { "緯度": 39.2846288, "経度": 141.1216818, "url": "https://www.kaigokensaku.mhlw.go.jp/03/index.php?action_kouhyou_detail_004_kani=true&JigyosyoCd=370600629-00&ServiceCd=150&Type=search", "url2": "http://www.nichiigakkan.co.jp", "内容": "ニチイケアセンター北上【通所介護】岩手県北上市青柳町1丁目2番40号", "サービスの種類": "通所介護" }, "geometry": { "type": "Point", "coordinates": [ 141.1216818, 39.2846288 ] } },
{ "type": "Feature", "properties": { "緯度": 39.2675327, "経度": 141.0897853, "url": "https://www.kaigokensaku.mhlw.go.jp/03/index.php?action_kouhyou_detail_004_kani=true&JigyosyoCd=370600942-00&ServiceCd=150&Type=search", "url2": "http://risshokai.jp/", "内容": "北星荘デイサービスセンター【通所介護】岩手県北上市下鬼柳１７地割１２７番地５", "サービスの種類": "通所介護" }, "geometry": { "type": "Point", "coordinates": [ 141.089785299999988, 39.2675327 ] } },
{ "type": "Feature", "properties": { "緯度": 39.2641168, "経度": 141.1024871, "url": "https://www.kaigokensaku.mhlw.go.jp/03/index.php?action_kouhyou_detail_004_kani=true&JigyosyoCd=370601569-00&ServiceCd=150&Type=search", "url2": null, "内容": "デイサービスきらら【通所介護】岩手県北上市大堤北1丁目10番8号住宅型有料老人ホーム　タロおおつつみ", "サービスの種類": "通所介護" }, "geometry": { "type": "Point", "coordinates": [ 141.1024871, 39.2641168 ] } },
{ "type": "Feature", "properties": { "緯度": 39.2853647, "経度": 141.1087552, "url": "https://www.kaigokensaku.mhlw.go.jp/03/index.php?action_kouhyou_detail_004_kani=true&JigyosyoCd=370601619-00&ServiceCd=150&Type=search", "url2": null, "内容": "デイサービスコスモス【通所介護】岩手県北上市大通四丁目1-10", "サービスの種類": "通所介護" }, "geometry": { "type": "Point", "coordinates": [ 141.1087552, 39.2853647 ] } },
{ "type": "Feature", "properties": { "緯度": 39.31899, "経度": 141.0078284, "url": "https://www.kaigokensaku.mhlw.go.jp/03/index.php?action_kouhyou_detail_004_kani=true&JigyosyoCd=370601791-00&ServiceCd=150&Type=search", "url2": "https://ds-shine.co.jp/", "内容": "デイサービスシャイン【通所介護】岩手県北上市和賀町藤根1地割15番209デイサービスシャイン", "サービスの種類": "通所介護" }, "geometry": { "type": "Point", "coordinates": [ 141.0078284, 39.31899 ] } },
{ "type": "Feature", "properties": { "緯度": 40.196282, "経度": 141.7920812, "url": "https://www.kaigokensaku.mhlw.go.jp/03/index.php?action_kouhyou_detail_004_kani=true&JigyosyoCd=370700544-00&ServiceCd=150&Type=search", "url2": null, "内容": "老人デイサービスセンター「ポルト」【通所介護】岩手県久慈市長内町第40地割12番地3", "サービスの種類": "通所介護" }, "geometry": { "type": "Point", "coordinates": [ 141.792081200000013, 40.196282 ] } },
{ "type": "Feature", "properties": { "緯度": 40.1860831, "経度": 141.7764244, "url": "https://www.kaigokensaku.mhlw.go.jp/03/index.php?action_kouhyou_detail_004_kani=true&JigyosyoCd=370700643-00&ServiceCd=150&Type=search", "url2": "http://magokoronoie.info/", "内容": "通所介護事業所まごころの家【通所介護】岩手県久慈市長内町２９－６－６住宅型有料老人ホームまごころの家内", "サービスの種類": "通所介護" }, "geometry": { "type": "Point", "coordinates": [ 141.7764244, 40.1860831 ] } },
{ "type": "Feature", "properties": { "緯度": 40.1451733, "経度": 141.5692322, "url": "https://www.kaigokensaku.mhlw.go.jp/03/index.php?action_kouhyou_detail_004_kani=true&JigyosyoCd=373100247-00&ServiceCd=150&Type=search", "url2": "http://aizanso.sakura.ne.jp", "内容": "愛山荘デイサービスセンター【通所介護】岩手県久慈市山形町川井12-60-2", "サービスの種類": "通所介護" }, "geometry": { "type": "Point", "coordinates": [ 141.569232199999988, 40.1451733 ] } },
{ "type": "Feature", "properties": { "緯度": 40.195878781870768, "経度": 141.7595439868206, "url": "https://www.kaigokensaku.mhlw.go.jp/03/index.php?action_kouhyou_detail_004_kani=true&JigyosyoCd=370700270-00&ServiceCd=150&Type=search", "url2": "http://care-net.biz/03/ohisama", "内容": "ファミリーサポートおひさま【通所介護】岩手県久慈市栄町第32地割35番地1", "サービスの種類": "通所介護" }, "geometry": { "type": "Point", "coordinates": [ 141.759543986820603, 40.195878781870768 ] } },
{ "type": "Feature", "properties": { "緯度": 40.199649137230992, "経度": 141.77450692817229, "url": "https://www.kaigokensaku.mhlw.go.jp/03/index.php?action_kouhyou_detail_004_kani=true&JigyosyoCd=370700346-00&ServiceCd=150&Type=search", "url2": "https://khjd.jp/", "内容": "元気の泉デイサービスセンター【通所介護】岩手県久慈市旭町第８地割100番地１", "サービスの種類": "通所介護" }, "geometry": { "type": "Point", "coordinates": [ 141.774506928172286, 40.199649137230992 ] } },
{ "type": "Feature", "properties": { "緯度": 39.3439332, "経度": 141.537177, "url": "https://www.kaigokensaku.mhlw.go.jp/03/index.php?action_kouhyou_detail_004_kani=true&JigyosyoCd=370800070-00&ServiceCd=150&Type=search", "url2": "http://www.tono-shakyo.jp", "内容": "ふれあいホーム薬研淵【通所介護】岩手県遠野市松崎町白岩字薬研淵4番地１", "サービスの種類": "通所介護" }, "geometry": { "type": "Point", "coordinates": [ 141.537177, 39.3439332 ] } },
{ "type": "Feature", "properties": { "緯度": 39.271449616648617, "経度": 141.42235997790991, "url": "https://www.kaigokensaku.mhlw.go.jp/03/index.php?action_kouhyou_detail_004_kani=true&JigyosyoCd=370800104-00&ServiceCd=150&Type=search", "url2": "https://www.tono-shakyo.jp/", "内容": "ふれあいホーム小友【通所介護】岩手県遠野市小友町33地割5番地1", "サービスの種類": "通所介護" }, "geometry": { "type": "Point", "coordinates": [ 141.422359977909906, 39.271449616648617 ] } },
{ "type": "Feature", "properties": { "緯度": 39.284511014774573, "経度": 141.5924367699406, "url": "https://www.kaigokensaku.mhlw.go.jp/03/index.php?action_kouhyou_detail_004_kani=true&JigyosyoCd=370800146-00&ServiceCd=150&Type=search", "url2": "https://www.tono-shakyo.jp/", "内容": "ふれあいホーム上郷【通所介護】岩手県遠野市上郷町細越7地割5番地", "サービスの種類": "通所介護" }, "geometry": { "type": "Point", "coordinates": [ 141.592436769940605, 39.284511014774573 ] } },
{ "type": "Feature", "properties": { "緯度": 39.333262582622297, "経度": 141.54899037534841, "url": "https://www.kaigokensaku.mhlw.go.jp/03/index.php?action_kouhyou_detail_004_kani=true&JigyosyoCd=370800179-00&ServiceCd=150&Type=search", "url2": "http://www.t-chouju.jp", "内容": "老人デイサービスセンター長寿園【通所介護】岩手県遠野市松崎町白岩18-7", "サービスの種類": "通所介護" }, "geometry": { "type": "Point", "coordinates": [ 141.54899037534841, 39.333262582622297 ] } },
{ "type": "Feature", "properties": { "緯度": 39.3350016, "経度": 141.5582366, "url": "https://www.kaigokensaku.mhlw.go.jp/03/index.php?action_kouhyou_detail_004_kani=true&JigyosyoCd=370800237-00&ServiceCd=150&Type=search", "url2": "http://www.t-chouju.jp", "内容": "デイサービスセンター長寿の森踊鹿【通所介護】岩手県遠野市青笹町糠前9-7-67", "サービスの種類": "通所介護" }, "geometry": { "type": "Point", "coordinates": [ 141.558236599999987, 39.3350016 ] } },
{ "type": "Feature", "properties": { "緯度": 39.330024804637553, "経度": 141.48041535092631, "url": "https://www.kaigokensaku.mhlw.go.jp/03/index.php?action_kouhyou_detail_004_kani=true&JigyosyoCd=370800492-00&ServiceCd=150&Type=search", "url2": "http://kobozero.jimdofree.com/", "内容": "株式会社工房ＺＥＲＯ介護事業部デイサービスセンター風音【通所介護】岩手県遠野市綾織町新里15地割12番地１", "サービスの種類": "通所介護" }, "geometry": { "type": "Point", "coordinates": [ 141.480415350926307, 39.330024804637553 ] } },
{ "type": "Feature", "properties": { "緯度": 38.9302884, "経度": 141.1423603000001, "url": "https://www.kaigokensaku.mhlw.go.jp/03/index.php?action_kouhyou_detail_004_kani=true&JigyosyoCd=370901225-00&ServiceCd=150&Type=search", "url2": "http://www.oyama-care.net/", "内容": "かいご予防センターゆうゆうタウン五十人町【通所介護】岩手県一関市五十人町５８－１", "サービスの種類": "通所介護" }, "geometry": { "type": "Point", "coordinates": [ 141.142360300000092, 38.930288399999988 ] } },
{ "type": "Feature", "properties": { "緯度": 38.9324044, "経度": 141.1280532000001, "url": "https://www.kaigokensaku.mhlw.go.jp/03/index.php?action_kouhyou_detail_004_kani=true&JigyosyoCd=370900375-00&ServiceCd=150&Type=search", "url2": "http://www.nichiigakkan.co.jp", "内容": "ニチイケアセンター一関【通所介護】岩手県一関市青葉二丁目7-26", "サービスの種類": "通所介護" }, "geometry": { "type": "Point", "coordinates": [ 141.128053200000096, 38.9324044 ] } },
{ "type": "Feature", "properties": { "緯度": 38.937402633147848, "経度": 141.15085081668789, "url": "https://www.kaigokensaku.mhlw.go.jp/03/index.php?action_kouhyou_detail_004_kani=true&JigyosyoCd=370901712-00&ServiceCd=150&Type=search", "url2": "http://www.i-ayumi.net", "内容": "デイサービスあゆみ【通所介護】岩手県一関市中里字荒谷8番1", "サービスの種類": "通所介護" }, "geometry": { "type": "Point", "coordinates": [ 141.150850816687893, 38.937402633147848 ] } },
{ "type": "Feature", "properties": { "緯度": 38.859251, "経度": 141.3498585, "url": "https://www.kaigokensaku.mhlw.go.jp/03/index.php?action_kouhyou_detail_004_kani=true&JigyosyoCd=370901233-00&ServiceCd=150&Type=search", "url2": null, "内容": "ふじさわデイサービスセンター【通所介護】岩手県一関市藤沢町藤沢字町裏55番地", "サービスの種類": "通所介護" }, "geometry": { "type": "Point", "coordinates": [ 141.349858500000011, 38.859251 ] } },
{ "type": "Feature", "properties": { "緯度": 38.938989666280683, "経度": 141.10499199447739, "url": "https://www.kaigokensaku.mhlw.go.jp/03/index.php?action_kouhyou_detail_004_kani=true&JigyosyoCd=370901985-00&ServiceCd=150&Type=search", "url2": "https://www.tsukui.net/", "内容": "ツクイ山目【通所介護】岩手県一関市赤荻字月町191番地2", "サービスの種類": "通所介護" }, "geometry": { "type": "Point", "coordinates": [ 141.104991994477388, 38.938989666280683 ] } },
{ "type": "Feature", "properties": { "緯度": 38.8501602, "経度": 141.34906439999989, "url": "https://www.kaigokensaku.mhlw.go.jp/03/index.php?action_kouhyou_detail_004_kani=true&JigyosyoCd=370901563-00&ServiceCd=150&Type=search", "url2": null, "内容": "デイサービスセンター白藤【通所介護】岩手県一関市藤沢町藤沢字八沢262番地1", "サービスの種類": "通所介護" }, "geometry": { "type": "Point", "coordinates": [ 141.349064399999889, 38.8501602 ] } },
{ "type": "Feature", "properties": { "緯度": 39.0106112, "経度": 141.26165719999989, "url": "https://www.kaigokensaku.mhlw.go.jp/03/index.php?action_kouhyou_detail_004_kani=true&JigyosyoCd=370901118-00&ServiceCd=150&Type=search", "url2": "https://kaigo-iwai.com/", "内容": "にこにこプラザひがしやまデイサービスセンター【通所介護】一関市東山町長坂字北磐井里１８７－３", "サービスの種類": "通所介護" }, "geometry": { "type": "Point", "coordinates": [ 141.261657199999888, 39.0106112 ] } },
{ "type": "Feature", "properties": { "緯度": 39.034001, "経度": 141.2946089, "url": "https://www.kaigokensaku.mhlw.go.jp/03/index.php?action_kouhyou_detail_004_kani=true&JigyosyoCd=372700633-00&ServiceCd=150&Type=search", "url2": "https://kaigo-iwai.com/", "内容": "にこにこプラザだいとうデイサービスセンター【通所介護】岩手県一関市大東町猿沢字板倉６０－１", "サービスの種類": "通所介護" }, "geometry": { "type": "Point", "coordinates": [ 141.294608899999986, 39.034001 ] } },
{ "type": "Feature", "properties": { "緯度": 38.8776864, "経度": 141.1425757, "url": "https://www.kaigokensaku.mhlw.go.jp/03/index.php?action_kouhyou_detail_004_kani=true&JigyosyoCd=370900102-00&ServiceCd=150&Type=search", "url2": "http://www.iwate-tukushikai.jp/", "内容": "関生園デイサービスセンター【通所介護】岩手県一関市真柴字はの木立43-124", "サービスの種類": "通所介護" }, "geometry": { "type": "Point", "coordinates": [ 141.1425757, 38.8776864 ] } },
{ "type": "Feature", "properties": { "緯度": 38.906087, "経度": 141.1798576, "url": "https://www.kaigokensaku.mhlw.go.jp/03/index.php?action_kouhyou_detail_004_kani=true&JigyosyoCd=370900201-00&ServiceCd=150&Type=search", "url2": "http://www.iwate-tukushikai.jp/", "内容": "明生園デイサービスセンター【通所介護】岩手県一関市滝沢字寺下２番地１", "サービスの種類": "通所介護" }, "geometry": { "type": "Point", "coordinates": [ 141.1798576, 38.906087 ] } },
{ "type": "Feature", "properties": { "緯度": 39.0174861, "経度": 141.399222, "url": "https://www.kaigokensaku.mhlw.go.jp/03/index.php?action_kouhyou_detail_004_kani=true&JigyosyoCd=372700146-00&ServiceCd=150&Type=search", "url2": "http://www.ichinoseki-shakyo.com", "内容": "デイサービスセンター大東【通所介護】岩手県一関市大東町大原字川内５番地２", "サービスの種類": "通所介護" }, "geometry": { "type": "Point", "coordinates": [ 141.399222, 39.0174861 ] } },
{ "type": "Feature", "properties": { "緯度": 39.0505957, "経度": 141.3679651, "url": "https://www.kaigokensaku.mhlw.go.jp/03/index.php?action_kouhyou_detail_004_kani=true&JigyosyoCd=372700138-00&ServiceCd=150&Type=search", "url2": "http://www.ichinoseki-shakyo.com/", "内容": "デイサービスセンター興田【通所介護】岩手県一関市大東町鳥海字細田３４番地１", "サービスの種類": "通所介護" }, "geometry": { "type": "Point", "coordinates": [ 141.3679651, 39.0505957 ] } },
{ "type": "Feature", "properties": { "緯度": 38.9955071, "経度": 141.252153, "url": "https://www.kaigokensaku.mhlw.go.jp/03/index.php?action_kouhyou_detail_004_kani=true&JigyosyoCd=372700245-00&ServiceCd=150&Type=search", "url2": null, "内容": "デイサービスセンター東山【通所介護】岩手県一関市東山町長坂字西本町139番地1", "サービスの種類": "通所介護" }, "geometry": { "type": "Point", "coordinates": [ 141.252153, 38.9955071 ] } },
{ "type": "Feature", "properties": { "緯度": 38.8485877, "経度": 141.1604756, "url": "https://www.kaigokensaku.mhlw.go.jp/03/index.php?action_kouhyou_detail_004_kani=true&JigyosyoCd=372600171-00&ServiceCd=150&Type=search", "url2": "https://www.nioukai.or.jp/", "内容": "デイサービスセンター寿光荘【通所介護】岩手県一関市花泉町花泉字上舘74番地5", "サービスの種類": "通所介護" }, "geometry": { "type": "Point", "coordinates": [ 141.160475600000012, 38.8485877 ] } },
{ "type": "Feature", "properties": { "緯度": 38.8308767, "経度": 141.1853271, "url": "https://www.kaigokensaku.mhlw.go.jp/03/index.php?action_kouhyou_detail_004_kani=true&JigyosyoCd=372600114-00&ServiceCd=150&Type=search", "url2": "https://www.nioukai.or.jp", "内容": "デイサービスセンターソエル花泉【通所介護】岩手県一関市花泉町涌津字一ノ町７６番地", "サービスの種類": "通所介護" }, "geometry": { "type": "Point", "coordinates": [ 141.1853271, 38.8308767 ] } },
{ "type": "Feature", "properties": { "緯度": 38.929773, "経度": 141.138759, "url": "https://www.kaigokensaku.mhlw.go.jp/03/index.php?action_kouhyou_detail_004_kani=true&JigyosyoCd=370902223-00&ServiceCd=150&Type=search", "url2": null, "内容": "クラリス機能訓練特化型デイサービス【通所介護】岩手県一関市上大槻街5番16号", "サービスの種類": "通所介護" }, "geometry": { "type": "Point", "coordinates": [ 141.138759, 38.929773 ] } },
{ "type": "Feature", "properties": { "緯度": 38.9399612, "経度": 141.1056133, "url": "https://www.kaigokensaku.mhlw.go.jp/03/index.php?action_kouhyou_detail_004_kani=true&JigyosyoCd=370900581-00&ServiceCd=150&Type=search", "url2": "http://www.iwate-tukushikai.jp/", "内容": "デイサービスセンターひまわり【通所介護】岩手県一関市赤荻字月町17", "サービスの種類": "通所介護" }, "geometry": { "type": "Point", "coordinates": [ 141.105613299999987, 38.9399612 ] } },
{ "type": "Feature", "properties": { "緯度": 38.938430489593358, "経度": 141.1335958344026, "url": "https://www.kaigokensaku.mhlw.go.jp/03/index.php?action_kouhyou_detail_004_kani=true&JigyosyoCd=370901027-00&ServiceCd=150&Type=search", "url2": "https://tsw-hd.com/persimmon/", "内容": "デイサービスセンターペルシモン一関【通所介護】岩手県一関市石畑6番10号", "サービスの種類": "通所介護" }, "geometry": { "type": "Point", "coordinates": [ 141.133595834402598, 38.938430489593358 ] } },
{ "type": "Feature", "properties": { "緯度": 38.9387875, "経度": 141.1461248, "url": "https://www.kaigokensaku.mhlw.go.jp/03/index.php?action_kouhyou_detail_004_kani=true&JigyosyoCd=370902066-00&ServiceCd=150&Type=search", "url2": "https://www.sakuranbo-ichinoseki.com", "内容": "デイサービス晴れるや【通所介護】岩手県一関市中里字雲南３０", "サービスの種類": "通所介護" }, "geometry": { "type": "Point", "coordinates": [ 141.1461248, 38.9387875 ] } },
{ "type": "Feature", "properties": { "緯度": 38.8228253, "経度": 141.1897854, "url": "https://www.kaigokensaku.mhlw.go.jp/03/index.php?action_kouhyou_detail_004_kani=true&JigyosyoCd=370900953-00&ServiceCd=150&Type=search", "url2": "https://tsw-hd.com/sakurakan/", "内容": "デイサービスセンターさくら館【通所介護】岩手県一関市花泉町涌津字下原134-1", "サービスの種類": "通所介護" }, "geometry": { "type": "Point", "coordinates": [ 141.1897854, 38.8228253 ] } },
{ "type": "Feature", "properties": { "緯度": 38.9407697, "経度": 141.130752, "url": "https://www.kaigokensaku.mhlw.go.jp/03/index.php?action_kouhyou_detail_004_kani=true&JigyosyoCd=370901993-00&ServiceCd=150&Type=search", "url2": "https://corp.tsukui.net/", "内容": "ツクイ一関【通所介護】岩手県一関市東五代6番30号", "サービスの種類": "通所介護" }, "geometry": { "type": "Point", "coordinates": [ 141.130752, 38.9407697 ] } },
{ "type": "Feature", "properties": { "緯度": 39.016132649577472, "経度": 141.39688551420821, "url": "https://www.kaigokensaku.mhlw.go.jp/03/index.php?action_kouhyou_detail_004_kani=true&JigyosyoCd=370900672-00&ServiceCd=150&Type=search", "url2": "https://www.adumaya-day.com", "内容": "あづま野デイサービス【通所介護】岩手県一関市大東町大原字立町113番地2", "サービスの種類": "通所介護" }, "geometry": { "type": "Point", "coordinates": [ 141.396885514208208, 39.016132649577472 ] } },
{ "type": "Feature", "properties": { "緯度": 39.0076087, "経度": 141.334092, "url": "https://www.kaigokensaku.mhlw.go.jp/03/index.php?action_kouhyou_detail_004_kani=true&JigyosyoCd=370901126-00&ServiceCd=150&Type=search", "url2": "http://sippoukai.com/", "内容": "室蓬デイサービスセンター【通所介護】岩手県一関市大東町摺沢字菅生前６１番地３２", "サービスの種類": "通所介護" }, "geometry": { "type": "Point", "coordinates": [ 141.334092, 39.0076087 ] } },
{ "type": "Feature", "properties": { "緯度": 39.041576646024787, "経度": 141.34494128836059, "url": "https://www.kaigokensaku.mhlw.go.jp/03/index.php?action_kouhyou_detail_004_kani=true&JigyosyoCd=370901340-00&ServiceCd=150&Type=search", "url2": "http://shuuwakai.com", "内容": "デイサービスセンターひより【通所介護】岩手県一関市大東町沖田字峯岸５番地", "サービスの種類": "通所介護" }, "geometry": { "type": "Point", "coordinates": [ 141.344941288360587, 39.041576646024787 ] } },
{ "type": "Feature", "properties": { "緯度": 38.8383519, "経度": 141.1678025, "url": "https://www.kaigokensaku.mhlw.go.jp/03/index.php?action_kouhyou_detail_004_kani=true&JigyosyoCd=370902264-00&ServiceCd=150&Type=search", "url2": null, "内容": "デイサービス舞乃湯【通所介護】岩手県一関市花泉町花泉字松沢235", "サービスの種類": "通所介護" }, "geometry": { "type": "Point", "coordinates": [ 141.1678025, 38.8383519 ] } },
{ "type": "Feature", "properties": { "緯度": 38.9274363, "経度": 141.1525483, "url": "https://www.kaigokensaku.mhlw.go.jp/03/index.php?action_kouhyou_detail_004_kani=true&JigyosyoCd=370900508-00&ServiceCd=150&Type=search", "url2": "http://www.cc-ikoi.com/", "内容": "いこいデイサービスセンター【通所介護】岩手県一関市三関字仲田100", "サービスの種類": "通所介護" }, "geometry": { "type": "Point", "coordinates": [ 141.1525483, 38.9274363 ] } },
{ "type": "Feature", "properties": { "緯度": 38.9377412, "経度": 141.078913, "url": "https://www.kaigokensaku.mhlw.go.jp/03/index.php?action_kouhyou_detail_004_kani=true&JigyosyoCd=370900623-00&ServiceCd=150&Type=search", "url2": "http://www.fukkouen.or.jp/", "内容": "福光園デイサービスセンター老楽園【通所介護】岩手県一関市萩荘字大袋306-1", "サービスの種類": "通所介護" }, "geometry": { "type": "Point", "coordinates": [ 141.078913000000114, 38.9377412 ] } },
{ "type": "Feature", "properties": { "緯度": 38.917869, "経度": 141.0920046, "url": "https://www.kaigokensaku.mhlw.go.jp/03/index.php?action_kouhyou_detail_004_kani=true&JigyosyoCd=370901878-00&ServiceCd=150&Type=search", "url2": null, "内容": "ラポール・テトラ通所介護事業所【通所介護】岩手県一関市萩荘字境ノ神112-2", "サービスの種類": "通所介護" }, "geometry": { "type": "Point", "coordinates": [ 141.0920046, 38.917869 ] } },
{ "type": "Feature", "properties": { "緯度": 38.935234, "経度": 141.1174923, "url": "https://www.kaigokensaku.mhlw.go.jp/03/index.php?action_kouhyou_detail_004_kani=true&JigyosyoCd=370901969-00&ServiceCd=150&Type=search", "url2": "http://www.cc-ikoi.com/", "内容": "いこいリハトレセンターげんき【通所介護】岩手県一関市山目字中野32番地1", "サービスの種類": "通所介護" }, "geometry": { "type": "Point", "coordinates": [ 141.1174923, 38.935234 ] } },
{ "type": "Feature", "properties": { "緯度": 38.927558, "経度": 141.1354776000001, "url": "https://www.kaigokensaku.mhlw.go.jp/03/index.php?action_kouhyou_detail_004_kani=true&JigyosyoCd=370901183-00&ServiceCd=150&Type=search", "url2": "http://www.koseido-kaigo.com", "内容": "デイサービスゆかり【通所介護】岩手県一関市大町2-48", "サービスの種類": "通所介護" }, "geometry": { "type": "Point", "coordinates": [ 141.135477600000087, 38.927558 ] } },
{ "type": "Feature", "properties": { "緯度": 38.9140858, "経度": 141.3288575, "url": "https://www.kaigokensaku.mhlw.go.jp/03/index.php?action_kouhyou_detail_004_kani=true&JigyosyoCd=370901365-00&ServiceCd=150&Type=search", "url2": null, "内容": "デイサービスつれづれ【通所介護】岩手県一関市千厩町千厩字古ヶ口90番地7", "サービスの種類": "通所介護" }, "geometry": { "type": "Point", "coordinates": [ 141.3288575, 38.9140858 ] } },
{ "type": "Feature", "properties": { "緯度": 38.9297088, "経度": 141.3274178, "url": "https://www.kaigokensaku.mhlw.go.jp/03/index.php?action_kouhyou_detail_004_kani=true&JigyosyoCd=370901514-00&ServiceCd=150&Type=search", "url2": "http://www.ja-iwatehiraizumi.or.jp", "内容": "JAいわて平泉デイサービスセンターいわいの丘【通所介護】岩手県一関市千厩町千厩字境田１５３－１２", "サービスの種類": "通所介護" }, "geometry": { "type": "Point", "coordinates": [ 141.3274178, 38.9297088 ] } },
{ "type": "Feature", "properties": { "緯度": 38.907394921497627, "経度": 141.13057300821231, "url": "https://www.kaigokensaku.mhlw.go.jp/03/index.php?action_kouhyou_detail_004_kani=true&JigyosyoCd=370901548-00&ServiceCd=150&Type=search", "url2": "http://www.ja-iwatehiraizumi.or.jp", "内容": "ＪＡいわて平泉デイサービスセンターもちっこ【通所介護】岩手県一関市真柴字原下４番１", "サービスの種類": "通所介護" }, "geometry": { "type": "Point", "coordinates": [ 141.130573008212309, 38.907394921497627 ] } },
{ "type": "Feature", "properties": { "緯度": 38.935289, "経度": 141.4409416, "url": "https://www.kaigokensaku.mhlw.go.jp/03/index.php?action_kouhyou_detail_004_kani=true&JigyosyoCd=372700278-00&ServiceCd=150&Type=search", "url2": "http://www.kouyouhaitsu.com/", "内容": "孝養ハイツデイサービスセンター通所介護事業所【通所介護】岩手県一関市室根町折壁字八幡沖１１９", "サービスの種類": "通所介護" }, "geometry": { "type": "Point", "coordinates": [ 141.4409416, 38.935289 ] } },
{ "type": "Feature", "properties": { "緯度": 38.9003654, "経度": 141.2741715, "url": "https://www.kaigokensaku.mhlw.go.jp/03/index.php?action_kouhyou_detail_004_kani=true&JigyosyoCd=372700377-00&ServiceCd=150&Type=search", "url2": "http://www.jushoen.com", "内容": "寿松苑デイサービスセンター【通所介護】岩手県一関市川崎町薄衣字久伝26番地", "サービスの種類": "通所介護" }, "geometry": { "type": "Point", "coordinates": [ 141.2741715, 38.9003654 ] } },
{ "type": "Feature", "properties": { "緯度": 38.9175742, "経度": 141.3253965, "url": "https://www.kaigokensaku.mhlw.go.jp/03/index.php?action_kouhyou_detail_004_kani=true&JigyosyoCd=372700740-00&ServiceCd=150&Type=search", "url2": "http://jukeikai.or.jp", "内容": "千厩寿慶会指定通所介護事業所【通所介護】岩手県一関市千厩町千厩字脇谷28番地８", "サービスの種類": "通所介護" }, "geometry": { "type": "Point", "coordinates": [ 141.325396500000011, 38.9175742 ] } },
{ "type": "Feature", "properties": { "緯度": 39.0221729, "経度": 141.6390769, "url": "https://www.kaigokensaku.mhlw.go.jp/03/index.php?action_kouhyou_detail_004_kani=true&JigyosyoCd=371000043-00&ServiceCd=150&Type=search", "url2": null, "内容": "高寿園デイサービスセンター指定通所介護事業所【通所介護】岩手県陸前高田市高田町字東和野67番地", "サービスの種類": "通所介護" }, "geometry": { "type": "Point", "coordinates": [ 141.6390769, 39.0221729 ] } },
{ "type": "Feature", "properties": { "緯度": 38.9937418, "経度": 141.7030275, "url": "https://www.kaigokensaku.mhlw.go.jp/03/index.php?action_kouhyou_detail_004_kani=true&JigyosyoCd=371000050-00&ServiceCd=150&Type=search", "url2": "https://rikutaka-koujyukai.com/", "内容": "東部デイサービスセンター指定通所介護事業所【通所介護】岩手県陸前高田市小友町字財当98番地", "サービスの種類": "通所介護" }, "geometry": { "type": "Point", "coordinates": [ 141.7030275, 38.9937418 ] } },
{ "type": "Feature", "properties": { "緯度": 39.016992199703729, "経度": 141.62909699073791, "url": "https://www.kaigokensaku.mhlw.go.jp/03/index.php?action_kouhyou_detail_004_kani=true&JigyosyoCd=371000415-00&ServiceCd=150&Type=search", "url2": null, "内容": "ReBornリボーン【通所介護】岩手県陸前高田市高田町字館の沖303番地1アバッセタカタ専門店街", "サービスの種類": "通所介護" }, "geometry": { "type": "Point", "coordinates": [ 141.629096990737906, 39.016992199703729 ] } },
{ "type": "Feature", "properties": { "緯度": 39.34460403577593, "経度": 141.84778093514299, "url": "https://www.kaigokensaku.mhlw.go.jp/03/index.php?action_kouhyou_detail_004_kani=true&JigyosyoCd=371100314-00&ServiceCd=150&Type=search", "url2": null, "内容": "五葉寮いきいきデイサービスセンター【通所介護】岩手県釜石市鵜住居町第2地割20番地1", "サービスの種類": "通所介護" }, "geometry": { "type": "Point", "coordinates": [ 141.847780935142993, 39.34460403577593 ] } },
{ "type": "Feature", "properties": { "緯度": 39.3205324, "経度": 141.8852154, "url": "https://www.kaigokensaku.mhlw.go.jp/03/index.php?action_kouhyou_detail_004_kani=true&JigyosyoCd=371100462-00&ServiceCd=150&Type=search", "url2": null, "内容": "やまざき機能訓練デイサービスホーム【通所介護】岩手県釜石市鵜住居町25-10-9", "サービスの種類": "通所介護" }, "geometry": { "type": "Point", "coordinates": [ 141.8852154, 39.3205324 ] } },
{ "type": "Feature", "properties": { "緯度": 39.2429889, "経度": 141.8718358, "url": "https://www.kaigokensaku.mhlw.go.jp/03/index.php?action_kouhyou_detail_004_kani=true&JigyosyoCd=371100132-00&ServiceCd=150&Type=search", "url2": "http://aizen-iwate.jp", "内容": "あいぜんの里デイサービスセンター【通所介護】岩手県釜石市大字平田第2地割51番地7", "サービスの種類": "通所介護" }, "geometry": { "type": "Point", "coordinates": [ 141.871835800000014, 39.2429889 ] } },
{ "type": "Feature", "properties": { "緯度": 39.2718438, "経度": 141.8600408, "url": "https://www.kaigokensaku.mhlw.go.jp/03/index.php?action_kouhyou_detail_004_kani=true&JigyosyoCd=371100298-00&ServiceCd=150&Type=search", "url2": "http://www.nichiigakkan.co.jp", "内容": "ニチイケアセンター釜石【通所介護】岩手県釜石市中妻町1-12-2", "サービスの種類": "通所介護" }, "geometry": { "type": "Point", "coordinates": [ 141.8600408, 39.2718438 ] } },
{ "type": "Feature", "properties": { "緯度": 39.2630666, "経度": 141.8378071, "url": "https://www.kaigokensaku.mhlw.go.jp/03/index.php?action_kouhyou_detail_004_kani=true&JigyosyoCd=371100397-00&ServiceCd=150&Type=search", "url2": "http://www.rakusuikai.com", "内容": "アミーガはまゆりデイサービスセンター【通所介護】岩手県釜石市小佐野町三丁目９番５０号", "サービスの種類": "通所介護" }, "geometry": { "type": "Point", "coordinates": [ 141.8378071, 39.263066599999988 ] } },
{ "type": "Feature", "properties": { "緯度": 39.2715609, "経度": 141.8555887, "url": "https://www.kaigokensaku.mhlw.go.jp/03/index.php?action_kouhyou_detail_004_kani=true&JigyosyoCd=371100876-00&ServiceCd=150&Type=search", "url2": null, "内容": "医療法人晃生会釜石リハビリセンター【通所介護】岩手県釜石市八雲町2-12", "サービスの種類": "通所介護" }, "geometry": { "type": "Point", "coordinates": [ 141.8555887, 39.2715609 ] } },
{ "type": "Feature", "properties": { "緯度": 39.254756384837847, "経度": 141.78228520957049, "url": "https://www.kaigokensaku.mhlw.go.jp/03/index.php?action_kouhyou_detail_004_kani=true&JigyosyoCd=371100058-00&ServiceCd=150&Type=search", "url2": "https://www.senninnosato.jp", "内容": "仙人の里指定通所介護事業所【通所介護】岩手県釜石市甲子町第7地割144番地4", "サービスの種類": "通所介護" }, "geometry": { "type": "Point", "coordinates": [ 141.782285209570489, 39.254756384837847 ] } },
{ "type": "Feature", "properties": { "緯度": 39.2536861, "経度": 141.80181979999989, "url": "https://www.kaigokensaku.mhlw.go.jp/03/index.php?action_kouhyou_detail_004_kani=true&JigyosyoCd=371100728-00&ServiceCd=150&Type=search", "url2": null, "内容": "デイサービスセンターさくら【通所介護】岩手県釜石市甲子町第10地割311番地2", "サービスの種類": "通所介護" }, "geometry": { "type": "Point", "coordinates": [ 141.80181979999989, 39.2536861 ] } },
{ "type": "Feature", "properties": { "緯度": 40.3035225, "経度": 141.3087429, "url": "https://www.kaigokensaku.mhlw.go.jp/03/index.php?action_kouhyou_detail_004_kani=true&JigyosyoCd=371300047-00&ServiceCd=150&Type=search", "url2": null, "内容": "二戸市社会福祉協議会通所介護事業所【通所介護】岩手県二戸市仁左平字横手２番地３", "サービスの種類": "通所介護" }, "geometry": { "type": "Point", "coordinates": [ 141.3087429, 40.3035225 ] } },
{ "type": "Feature", "properties": { "緯度": 40.3205541, "経度": 141.320321, "url": "https://www.kaigokensaku.mhlw.go.jp/03/index.php?action_kouhyou_detail_004_kani=true&JigyosyoCd=371300096-00&ServiceCd=150&Type=search", "url2": "http://www.reitakukai.net/", "内容": "湯の里にのへ【通所介護】岩手県二戸市金田一字湯田24番地", "サービスの種類": "通所介護" }, "geometry": { "type": "Point", "coordinates": [ 141.320321, 40.3205541 ] } },
{ "type": "Feature", "properties": { "緯度": 40.2401287, "経度": 141.2431679, "url": "https://www.kaigokensaku.mhlw.go.jp/03/index.php?action_kouhyou_detail_004_kani=true&JigyosyoCd=371300112-00&ServiceCd=150&Type=search", "url2": "http://3palace.com/", "内容": "サントピア指定通所介護事業所【通所介護】岩手県二戸市似鳥字上平15番地1", "サービスの種類": "通所介護" }, "geometry": { "type": "Point", "coordinates": [ 141.2431679, 40.2401287 ] } },
{ "type": "Feature", "properties": { "緯度": 40.2993091, "経度": 141.3046463000001, "url": "https://www.kaigokensaku.mhlw.go.jp/03/index.php?action_kouhyou_detail_004_kani=true&JigyosyoCd=371300351-00&ServiceCd=150&Type=search", "url2": "http://www.itutuboshi.com/", "内容": "いつつ星会デイサービスセンターおからぎ【通所介護】岩手県二戸市堀野字大川原毛89-6", "サービスの種類": "通所介護" }, "geometry": { "type": "Point", "coordinates": [ 141.304646300000087, 40.299309099999988 ] } },
{ "type": "Feature", "properties": { "緯度": 40.262686, "経度": 141.2861856, "url": "https://www.kaigokensaku.mhlw.go.jp/03/index.php?action_kouhyou_detail_004_kani=true&JigyosyoCd=371300419-00&ServiceCd=150&Type=search", "url2": "http://www.3palace.com", "内容": "サンパレス指定通所介護事業所【通所介護】岩手県二戸市石切所字森合９２－１", "サービスの種類": "通所介護" }, "geometry": { "type": "Point", "coordinates": [ 141.28618560000001, 40.262686 ] } },
{ "type": "Feature", "properties": { "緯度": 40.3091579, "経度": 141.3060235, "url": "https://www.kaigokensaku.mhlw.go.jp/03/index.php?action_kouhyou_detail_004_kani=true&JigyosyoCd=371300518-00&ServiceCd=150&Type=search", "url2": "http://keisenkai.jp", "内容": "デイサービスセンターいずみ【通所介護】岩手県二戸市金田一字八ツ長40番地4", "サービスの種類": "通所介護" }, "geometry": { "type": "Point", "coordinates": [ 141.3060235, 40.3091579 ] } },
{ "type": "Feature", "properties": { "緯度": 40.2739501, "経度": 141.2983155, "url": "https://www.kaigokensaku.mhlw.go.jp/03/index.php?action_kouhyou_detail_004_kani=true&JigyosyoCd=371300641-00&ServiceCd=150&Type=search", "url2": "http://www.reitakukai.net/", "内容": "わガーヤにのへ横丁【通所介護】岩手県二戸市福岡字横丁15-1", "サービスの種類": "通所介護" }, "geometry": { "type": "Point", "coordinates": [ 141.2983155, 40.2739501 ] } },
{ "type": "Feature", "properties": { "緯度": 40.1862469, "経度": 141.1547508, "url": "https://www.kaigokensaku.mhlw.go.jp/03/index.php?action_kouhyou_detail_004_kani=true&JigyosyoCd=373200161-00&ServiceCd=150&Type=search", "url2": "http://ninohe-shakyo.jp/", "内容": "浄法寺通所介護事業所【通所介護】岩手県二戸市浄法寺町小池３番地二戸市ほほえみセンター", "サービスの種類": "通所介護" }, "geometry": { "type": "Point", "coordinates": [ 141.154750799999988, 40.1862469 ] } },
{ "type": "Feature", "properties": { "緯度": 39.9144851, "経度": 141.0971303, "url": "https://www.kaigokensaku.mhlw.go.jp/03/index.php?action_kouhyou_detail_004_kani=true&JigyosyoCd=371400185-00&ServiceCd=150&Type=search", "url2": "https://kaigonomori.net/", "内容": "森のデイサービス【通所介護】岩手県八幡平市大更第25地割118番地9", "サービスの種類": "通所介護" }, "geometry": { "type": "Point", "coordinates": [ 141.0971303, 39.9144851 ] } },
{ "type": "Feature", "properties": { "緯度": 39.9189703, "経度": 141.086445, "url": "https://www.kaigokensaku.mhlw.go.jp/03/index.php?action_kouhyou_detail_004_kani=true&JigyosyoCd=372100461-00&ServiceCd=150&Type=search", "url2": "https://nishinekai.jp", "内容": "西根会指定通所介護事業所【通所介護】岩手県八幡平市田頭第２４地割３６番地", "サービスの種類": "通所介護" }, "geometry": { "type": "Point", "coordinates": [ 141.086445, 39.9189703 ] } },
{ "type": "Feature", "properties": { "緯度": 39.9159347, "経度": 140.9837494, "url": "https://www.kaigokensaku.mhlw.go.jp/03/index.php?action_kouhyou_detail_004_kani=true&JigyosyoCd=372100669-00&ServiceCd=150&Type=search", "url2": "http://michinoku.or.jp", "内容": "松尾デイサービスセンター【通所介護】岩手県八幡平市柏台２－９－２", "サービスの種類": "通所介護" }, "geometry": { "type": "Point", "coordinates": [ 140.9837494, 39.9159347 ] } },
{ "type": "Feature", "properties": { "緯度": 39.9539665, "経度": 141.0982256, "url": "https://www.kaigokensaku.mhlw.go.jp/03/index.php?action_kouhyou_detail_004_kani=true&JigyosyoCd=372100768-00&ServiceCd=150&Type=search", "url2": "https://nishinekai.jp/", "内容": "西根会北部指定通所介護事業所【通所介護】岩手県八幡平市堀切14-16-1", "サービスの種類": "通所介護" }, "geometry": { "type": "Point", "coordinates": [ 141.0982256, 39.9539665 ] } },
{ "type": "Feature", "properties": { "緯度": 39.9023832, "経度": 140.9685322, "url": "https://www.kaigokensaku.mhlw.go.jp/03/index.php?action_kouhyou_detail_004_kani=true&JigyosyoCd=372101121-00&ServiceCd=150&Type=search", "url2": "http://hokahoka-club.com/", "内容": "八幡平ハイツ　デイサービスほかほかクラブ【通所介護】岩手県八幡平市松尾寄木1-590-4", "サービスの種類": "通所介護" }, "geometry": { "type": "Point", "coordinates": [ 140.9685322, 39.902383200000017 ] } },
{ "type": "Feature", "properties": { "緯度": 39.136502, "経度": 141.150368, "url": "https://www.kaigokensaku.mhlw.go.jp/03/index.php?action_kouhyou_detail_004_kani=true&JigyosyoCd=371500554-00&ServiceCd=150&Type=search", "url2": "http://www.oyama-care.net/", "内容": "リハビリテーションデイサービスゆうゆうタウン水沢【通所介護】岩手県奥州市水沢区太日通り2丁目1-20さくらビル1階", "サービスの種類": "通所介護" }, "geometry": { "type": "Point", "coordinates": [ 141.150368, 39.136502 ] } },
{ "type": "Feature", "properties": { "緯度": 39.1297985, "経度": 141.1592943, "url": "https://www.kaigokensaku.mhlw.go.jp/03/index.php?action_kouhyou_detail_004_kani=true&JigyosyoCd=371501149-00&ServiceCd=150&Type=search", "url2": "https://www.aigokai.jp", "内容": "生活介護事業所ときわ寮【通所介護】岩手県奥州市水沢泉町9番1号", "サービスの種類": "通所介護" }, "geometry": { "type": "Point", "coordinates": [ 141.1592943, 39.1297985 ] } },
{ "type": "Feature", "properties": { "緯度": 39.1414708, "経度": 141.1479459, "url": "https://www.kaigokensaku.mhlw.go.jp/03/index.php?action_kouhyou_detail_004_kani=true&JigyosyoCd=370400558-00&ServiceCd=150&Type=search", "url2": "http://www.carenet.fujitsu.com/", "内容": "株式会社ケアネットデイサービス水沢【通所介護】岩手県奥州市水沢花園町一丁目１９番１６号", "サービスの種類": "通所介護" }, "geometry": { "type": "Point", "coordinates": [ 141.1479459, 39.1414708 ] } },
{ "type": "Feature", "properties": { "緯度": 39.141399487712917, "経度": 141.1316314836059, "url": "https://www.kaigokensaku.mhlw.go.jp/03/index.php?action_kouhyou_detail_004_kani=true&JigyosyoCd=370400442-00&ServiceCd=150&Type=search", "url2": "http://www.nakanome.biz/", "内容": "チャレンジ・ゼット【通所介護】岩手県奥州市水沢字斉ノ神70-1奥州日高館", "サービスの種類": "通所介護" }, "geometry": { "type": "Point", "coordinates": [ 141.131631483605901, 39.141399487712917 ] } },
{ "type": "Feature", "properties": { "緯度": 39.1377876, "経度": 141.1363831, "url": "https://www.kaigokensaku.mhlw.go.jp/03/index.php?action_kouhyou_detail_004_kani=true&JigyosyoCd=371500042-00&ServiceCd=150&Type=search", "url2": "http://www.nichiigakkan.co.jp", "内容": "ニチイケアセンター水沢【通所介護】岩手県奥州市水沢西町２－１０", "サービスの種類": "通所介護" }, "geometry": { "type": "Point", "coordinates": [ 141.136383099999989, 39.1377876 ] } },
{ "type": "Feature", "properties": { "緯度": 39.1166269, "経度": 141.1639952, "url": "https://www.kaigokensaku.mhlw.go.jp/03/index.php?action_kouhyou_detail_004_kani=true&JigyosyoCd=370400079-00&ServiceCd=150&Type=search", "url2": "http://www.fukujyusou.jp/", "内容": "福寿荘通所介護事業所【通所介護】岩手県奥州市水沢上姉体二丁目1番地22", "サービスの種類": "通所介護" }, "geometry": { "type": "Point", "coordinates": [ 141.163995199999988, 39.1166269 ] } },
{ "type": "Feature", "properties": { "緯度": 39.1282943, "経度": 141.1375528, "url": "https://www.kaigokensaku.mhlw.go.jp/03/index.php?action_kouhyou_detail_004_kani=true&JigyosyoCd=371501057-00&ServiceCd=150&Type=search", "url2": "http://assetlink.jp", "内容": "あおぞらデイサービス【通所介護】岩手県奥州市水沢南大鐘一丁目60番地", "サービスの種類": "通所介護" }, "geometry": { "type": "Point", "coordinates": [ 141.1375528, 39.1282943 ] } },
{ "type": "Feature", "properties": { "緯度": 39.1882718, "経度": 141.173853, "url": "https://www.kaigokensaku.mhlw.go.jp/03/index.php?action_kouhyou_detail_004_kani=true&JigyosyoCd=371500299-00&ServiceCd=150&Type=search", "url2": "http://www.nichiigakkan.co.jp", "内容": "ニチイケアセンター江刺【通所介護】岩手県奥州市江刺八日町一丁目３番１号", "サービスの種類": "通所介護" }, "geometry": { "type": "Point", "coordinates": [ 141.173853, 39.1882718 ] } },
{ "type": "Feature", "properties": { "緯度": 39.120645813456491, "経度": 141.1558528374344, "url": "https://www.kaigokensaku.mhlw.go.jp/03/index.php?action_kouhyou_detail_004_kani=true&JigyosyoCd=371500976-00&ServiceCd=150&Type=search", "url2": "http://www.koresapo.jp/", "内容": "ペルヘ宮田デイサービス【通所介護】岩手県奥州市水沢真城字宮田53番地2", "サービスの種類": "通所介護" }, "geometry": { "type": "Point", "coordinates": [ 141.155852837434395, 39.120645813456491 ] } },
{ "type": "Feature", "properties": { "緯度": 39.1427341, "経度": 141.1256951, "url": "https://www.kaigokensaku.mhlw.go.jp/03/index.php?action_kouhyou_detail_004_kani=true&JigyosyoCd=371500612-00&ServiceCd=150&Type=search", "url2": "http://heartyhome.net/", "内容": "デイサービスハーティーホーム【通所介護】岩手県奥州市水沢字内匠田31-1", "サービスの種類": "通所介護" }, "geometry": { "type": "Point", "coordinates": [ 141.1256951, 39.142734100000013 ] } },
{ "type": "Feature", "properties": { "緯度": 39.176653, "経度": 141.136929, "url": "https://www.kaigokensaku.mhlw.go.jp/03/index.php?action_kouhyou_detail_004_kani=true&JigyosyoCd=371501073-00&ServiceCd=150&Type=search", "url2": null, "内容": "デイサービスセンター博水苑【通所介護】岩手県奥州市水沢佐倉河字九蔵田40番地1", "サービスの種類": "通所介護" }, "geometry": { "type": "Point", "coordinates": [ 141.136929, 39.176653 ] } },
{ "type": "Feature", "properties": { "緯度": 39.1166677, "経度": 141.1639654, "url": "https://www.kaigokensaku.mhlw.go.jp/03/index.php?action_kouhyou_detail_004_kani=true&JigyosyoCd=371501156-00&ServiceCd=150&Type=search", "url2": "https://www.seiwakai-med.or.jp", "内容": "リハビリ特化型デイサービスあさがお【通所介護】岩手県奥州市水沢上姉体2丁目1番地7", "サービスの種類": "通所介護" }, "geometry": { "type": "Point", "coordinates": [ 141.1639654, 39.1166677 ] } },
{ "type": "Feature", "properties": { "緯度": 39.1293505, "経度": 141.0693561, "url": "https://www.kaigokensaku.mhlw.go.jp/03/index.php?action_kouhyou_detail_004_kani=true&JigyosyoCd=372500488-00&ServiceCd=150&Type=search", "url2": "https://www.oshuisawakai.iwate.jp/", "内容": "ぬくもりの家デイサービスセンター【通所介護】岩手県奥州市胆沢南都田字大持30番地", "サービスの種類": "通所介護" }, "geometry": { "type": "Point", "coordinates": [ 141.0693561, 39.129350500000022 ] } },
{ "type": "Feature", "properties": { "緯度": 39.118994343828533, "経度": 141.06782036489869, "url": "https://www.kaigokensaku.mhlw.go.jp/03/index.php?action_kouhyou_detail_004_kani=true&JigyosyoCd=372500256-00&ServiceCd=150&Type=search", "url2": null, "内容": "胆沢デイサービスセンター【通所介護】岩手県奥州市胆沢南都田字石行30番地1", "サービスの種類": "通所介護" }, "geometry": { "type": "Point", "coordinates": [ 141.067820364898694, 39.118994343828533 ] } },
{ "type": "Feature", "properties": { "緯度": 39.141919254401287, "経度": 141.154794121637, "url": "https://www.kaigokensaku.mhlw.go.jp/03/index.php?action_kouhyou_detail_004_kani=true&JigyosyoCd=371501164-00&ServiceCd=150&Type=search", "url2": "https://www.tsukui.net/", "内容": "ツクイ奥州水沢【通所介護】岩手県奥州市水沢花園町二丁目6番21-2号", "サービスの種類": "通所介護" }, "geometry": { "type": "Point", "coordinates": [ 141.154794121636996, 39.141919254401287 ] } },
{ "type": "Feature", "properties": { "緯度": 39.039072898185161, "経度": 141.1193431658844, "url": "https://www.kaigokensaku.mhlw.go.jp/03/index.php?action_kouhyou_detail_004_kani=true&JigyosyoCd=371500380-00&ServiceCd=150&Type=search", "url2": "https://tsw-hd.com/persimmon/maesawa/", "内容": "デイサービスセンターペルシモン前沢【通所介護】岩手県奥州市前沢字南塔ヶ崎11番1", "サービスの種類": "通所介護" }, "geometry": { "type": "Point", "coordinates": [ 141.119343165884402, 39.039072898185161 ] } },
{ "type": "Feature", "properties": { "緯度": 39.1356122, "経度": 141.1146491, "url": "https://www.kaigokensaku.mhlw.go.jp/03/index.php?action_kouhyou_detail_004_kani=true&JigyosyoCd=371500448-00&ServiceCd=150&Type=search", "url2": null, "内容": "ケアネット・アテルイ鶴田デイサービスセンター【通所介護】岩手県奥州市胆沢南都田字鶴田161番地1ケアネット・アテルイクレイン", "サービスの種類": "通所介護" }, "geometry": { "type": "Point", "coordinates": [ 141.1146491, 39.135612200000033 ] } },
{ "type": "Feature", "properties": { "緯度": 39.0472639, "経度": 141.1295094, "url": "https://www.kaigokensaku.mhlw.go.jp/03/index.php?action_kouhyou_detail_004_kani=true&JigyosyoCd=371500471-00&ServiceCd=150&Type=search", "url2": "https://tsw-hd.com", "内容": "デイサービスセンターペルシモン前沢東【通所介護】岩手県奥州市前沢向田一丁目16番3", "サービスの種類": "通所介護" }, "geometry": { "type": "Point", "coordinates": [ 141.129509399999989, 39.047263899999983 ] } },
{ "type": "Feature", "properties": { "緯度": 39.132527370274723, "経度": 141.06484735872209, "url": "https://www.kaigokensaku.mhlw.go.jp/03/index.php?action_kouhyou_detail_004_kani=true&JigyosyoCd=371500810-00&ServiceCd=150&Type=search", "url2": "http://www.yutaka-oshu.com", "内容": "デイサービスゆたかな家っこ【通所介護】岩手県奥州市胆沢若柳字下松原80", "サービスの種類": "通所介護" }, "geometry": { "type": "Point", "coordinates": [ 141.064847358722091, 39.132527370274723 ] } },
{ "type": "Feature", "properties": { "緯度": 39.120072389732996, "経度": 141.1391282980087, "url": "https://www.kaigokensaku.mhlw.go.jp/03/index.php?action_kouhyou_detail_004_kani=true&JigyosyoCd=371500950-00&ServiceCd=150&Type=search", "url2": "https://www.donguri-web.com", "内容": "デイサービスどんぐり【通所介護】岩手県奥州市胆沢小山字尼沼22番地4", "サービスの種類": "通所介護" }, "geometry": { "type": "Point", "coordinates": [ 141.1391282980087, 39.120072389732996 ] } },
{ "type": "Feature", "properties": { "緯度": 39.0402645, "経度": 141.12068, "url": "https://www.kaigokensaku.mhlw.go.jp/03/index.php?action_kouhyou_detail_004_kani=true&JigyosyoCd=372500132-00&ServiceCd=150&Type=search", "url2": "https://tsu2ji.oshushi.com/", "内容": "まえさわ苑デイサービスセンター【通所介護】岩手県奥州市前沢字塔ケ崎7番地", "サービスの種類": "通所介護" }, "geometry": { "type": "Point", "coordinates": [ 141.12068, 39.0402645 ] } },
{ "type": "Feature", "properties": { "緯度": 39.1169715, "経度": 141.0722784, "url": "https://www.kaigokensaku.mhlw.go.jp/03/index.php?action_kouhyou_detail_004_kani=true&JigyosyoCd=372500173-00&ServiceCd=150&Type=search", "url2": "http://www.oshuisawakai.iwate.jp", "内容": "やまゆり荘デイサービスセンター【通所介護】岩手県奥州市胆沢南都田字加賀谷地416番地", "サービスの種類": "通所介護" }, "geometry": { "type": "Point", "coordinates": [ 141.072278399999988, 39.1169715 ] } },
{ "type": "Feature", "properties": { "緯度": 39.0380208, "経度": 141.0645203, "url": "https://www.kaigokensaku.mhlw.go.jp/03/index.php?action_kouhyou_detail_004_kani=true&JigyosyoCd=372500231-00&ServiceCd=150&Type=search", "url2": "http://www.hagoromosou.net", "内容": "羽衣荘デイサービスセンター【通所介護】岩手県奥州市衣川古戸４５番地", "サービスの種類": "通所介護" }, "geometry": { "type": "Point", "coordinates": [ 141.0645203, 39.038020800000012 ] } },
{ "type": "Feature", "properties": { "緯度": 39.181147970535868, "経度": 141.18124840845951, "url": "https://www.kaigokensaku.mhlw.go.jp/03/index.php?action_kouhyou_detail_004_kani=true&JigyosyoCd=371200106-00&ServiceCd=150&Type=search", "url2": "https://www.esashijyuseikai.or.jp/", "内容": "桜つつみ指定通所介護事業所【通所介護】岩手県奥州市江刺岩谷堂字下惣田290番地1", "サービスの種類": "通所介護" }, "geometry": { "type": "Point", "coordinates": [ 141.18124840845951, 39.181147970535868 ] } },
{ "type": "Feature", "properties": { "緯度": 39.228494, "経度": 141.2519024000001, "url": "https://www.kaigokensaku.mhlw.go.jp/03/index.php?action_kouhyou_detail_004_kani=true&JigyosyoCd=371200296-00&ServiceCd=150&Type=search", "url2": "https://applehome.or.jp", "内容": "あっぷるホーム指定通所介護事業所【通所介護】岩手県奥州市江刺玉里字青篠２番地１", "サービスの種類": "通所介護" }, "geometry": { "type": "Point", "coordinates": [ 141.251902400000091, 39.228494 ] } },
{ "type": "Feature", "properties": { "緯度": 39.167953695347883, "経度": 141.1643107120766, "url": "https://www.kaigokensaku.mhlw.go.jp/03/index.php?action_kouhyou_detail_004_kani=true&JigyosyoCd=371200361-00&ServiceCd=150&Type=search", "url2": null, "内容": "スマイル桜木デイサービスホーム【通所介護】岩手県奥州市江刺愛宕字前中野88番地1", "サービスの種類": "通所介護" }, "geometry": { "type": "Point", "coordinates": [ 141.164310712076599, 39.167953695347883 ] } },
{ "type": "Feature", "properties": { "緯度": 39.16207, "経度": 141.2040124, "url": "https://www.kaigokensaku.mhlw.go.jp/03/index.php?action_kouhyou_detail_004_kani=true&JigyosyoCd=371200379-00&ServiceCd=150&Type=search", "url2": "http://www.koyo-esashi.co.jp/", "内容": "デイサービスセンター大日【通所介護】岩手県奥州市江刺田原字大日195番地１", "サービスの種類": "通所介護" }, "geometry": { "type": "Point", "coordinates": [ 141.204012400000011, 39.16207 ] } },
{ "type": "Feature", "properties": { "緯度": 39.186538731568191, "経度": 141.17247045543371, "url": "https://www.kaigokensaku.mhlw.go.jp/03/index.php?action_kouhyou_detail_004_kani=true&JigyosyoCd=371500182-00&ServiceCd=150&Type=search", "url2": "http://npoesasi.or.jp/", "内容": "ふれあいステーション「あじさい」【通所介護】岩手県奥州市江刺八日町一丁目８－８", "サービスの種類": "通所介護" }, "geometry": { "type": "Point", "coordinates": [ 141.172470455433711, 39.186538731568191 ] } },
{ "type": "Feature", "properties": { "緯度": 39.252196765958637, "経度": 141.21070033240201, "url": "https://www.kaigokensaku.mhlw.go.jp/03/index.php?action_kouhyou_detail_004_kani=true&JigyosyoCd=371500562-00&ServiceCd=150&Type=search", "url2": "http://asuka2012.com/", "内容": "あすかの森デイサービス【通所介護】岩手県奥州市江刺広瀬字柿ノ木443-7", "サービスの種類": "通所介護" }, "geometry": { "type": "Point", "coordinates": [ 141.210700332402013, 39.252196765958637 ] } },
{ "type": "Feature", "properties": { "緯度": 39.189403217736313, "経度": 141.1742259129669, "url": "https://www.kaigokensaku.mhlw.go.jp/03/index.php?action_kouhyou_detail_004_kani=true&JigyosyoCd=371500653-00&ServiceCd=150&Type=search", "url2": null, "内容": "デイサービスセンターはなみずき【通所介護】岩手県奥州市江刺西大通り１－１１複合型介護施設はなみずき", "サービスの種類": "通所介護" }, "geometry": { "type": "Point", "coordinates": [ 141.174225912966904, 39.189403217736313 ] } },
{ "type": "Feature", "properties": { "緯度": 39.7789346, "経度": 141.1315346, "url": "https://www.kaigokensaku.mhlw.go.jp/03/index.php?action_kouhyou_detail_004_kani=true&JigyosyoCd=371600461-00&ServiceCd=150&Type=search", "url2": "http://www.fitton.co.jp", "内容": "巣郷の里まつなみきデイサービスセンター【通所介護】岩手県滝沢市巣子1197-72", "サービスの種類": "通所介護" }, "geometry": { "type": "Point", "coordinates": [ 141.1315346, 39.7789346 ] } },
{ "type": "Feature", "properties": { "緯度": 39.737438527610728, "経度": 141.10535428039549, "url": "https://www.kaigokensaku.mhlw.go.jp/03/index.php?action_kouhyou_detail_004_kani=true&JigyosyoCd=371600255-00&ServiceCd=150&Type=search", "url2": null, "内容": "ナイスデイサービスセンター【通所介護】岩手県滝沢市穴口２７１番地８", "サービスの種類": "通所介護" }, "geometry": { "type": "Point", "coordinates": [ 141.105354280395488, 39.737438527610728 ] } },
{ "type": "Feature", "properties": { "緯度": 39.7341983, "経度": 141.0948299, "url": "https://www.kaigokensaku.mhlw.go.jp/03/index.php?action_kouhyou_detail_004_kani=true&JigyosyoCd=372101204-00&ServiceCd=150&Type=search", "url2": null, "内容": "サン・ケアサービスセンター【通所介護】岩手県滝沢市鵜飼大緩47番地28", "サービスの種類": "通所介護" }, "geometry": { "type": "Point", "coordinates": [ 141.0948299, 39.7341983 ] } },
{ "type": "Feature", "properties": { "緯度": 39.731484658725051, "経度": 141.0983665760574, "url": "https://www.kaigokensaku.mhlw.go.jp/03/index.php?action_kouhyou_detail_004_kani=true&JigyosyoCd=372101592-00&ServiceCd=150&Type=search", "url2": "https://tsugurucompany.com/", "内容": "リハビリの里たきざわ【通所介護】岩手県滝沢市鵜飼諸葛川16-19", "サービスの種類": "通所介護" }, "geometry": { "type": "Point", "coordinates": [ 141.098366576057401, 39.731484658725051 ] } },
{ "type": "Feature", "properties": { "緯度": 39.740340089053063, "経度": 141.08674537354131, "url": "https://www.kaigokensaku.mhlw.go.jp/03/index.php?action_kouhyou_detail_004_kani=true&JigyosyoCd=371600081-00&ServiceCd=150&Type=search", "url2": null, "内容": "デイサービスえにし【通所介護】岩手県滝沢市鵜飼狐洞１０９番地1", "サービスの種類": "通所介護" }, "geometry": { "type": "Point", "coordinates": [ 141.086745373541305, 39.740340089053063 ] } },
{ "type": "Feature", "properties": { "緯度": 39.7428079, "経度": 141.101743, "url": "https://www.kaigokensaku.mhlw.go.jp/03/index.php?action_kouhyou_detail_004_kani=true&JigyosyoCd=371600529-00&ServiceCd=150&Type=search", "url2": "https://www.tsukui.net/home-care/2399", "内容": "ツクイ滝沢ゆとりが丘【通所介護】岩手県滝沢市室小路378番地1ツクイ滝沢ゆとりが丘", "サービスの種類": "通所介護" }, "geometry": { "type": "Point", "coordinates": [ 141.101743, 39.7428079 ] } },
{ "type": "Feature", "properties": { "緯度": 39.747812501323033, "経度": 141.07843266687581, "url": "https://www.kaigokensaku.mhlw.go.jp/03/index.php?action_kouhyou_detail_004_kani=true&JigyosyoCd=372100529-00&ServiceCd=150&Type=search", "url2": "http://www.reitakukai.net/", "内容": "れいたく苑デイサービスセンター【通所介護】岩手県滝沢市鵜飼細谷地26番地5", "サービスの種類": "通所介護" }, "geometry": { "type": "Point", "coordinates": [ 141.078432666875813, 39.747812501323033 ] } },
{ "type": "Feature", "properties": { "緯度": 39.775892, "経度": 141.1434548, "url": "https://www.kaigokensaku.mhlw.go.jp/03/index.php?action_kouhyou_detail_004_kani=true&JigyosyoCd=372101428-00&ServiceCd=150&Type=search", "url2": null, "内容": "ディサービスみんなの家【通所介護】岩手県滝沢市葉の木沢山399-6", "サービスの種類": "通所介護" }, "geometry": { "type": "Point", "coordinates": [ 141.1434548, 39.775892 ] } },
{ "type": "Feature", "properties": { "緯度": 39.7760665, "経度": 141.1284117, "url": "https://www.kaigokensaku.mhlw.go.jp/03/index.php?action_kouhyou_detail_004_kani=true&JigyosyoCd=371600347-00&ServiceCd=150&Type=search", "url2": "https://total-rehabili.com", "内容": "デイサービスりはびり学校すご【通所介護】岩手県滝沢市巣子1153番地8", "サービスの種類": "通所介護" }, "geometry": { "type": "Point", "coordinates": [ 141.128411699999987, 39.7760665 ] } },
{ "type": "Feature", "properties": { "緯度": 39.7740391, "経度": 141.1309643, "url": "https://www.kaigokensaku.mhlw.go.jp/03/index.php?action_kouhyou_detail_004_kani=true&JigyosyoCd=371600362-00&ServiceCd=150&Type=search", "url2": "http://www.ckomorebi.co.jp/", "内容": "デイサービスセンターこもれび【通所介護】岩手県滝沢市巣子1162番地34", "サービスの種類": "通所介護" }, "geometry": { "type": "Point", "coordinates": [ 141.130964299999988, 39.7740391 ] } },
{ "type": "Feature", "properties": { "緯度": 39.7929393, "経度": 141.1210924, "url": "https://www.kaigokensaku.mhlw.go.jp/03/index.php?action_kouhyou_detail_004_kani=true&JigyosyoCd=372101311-00&ServiceCd=150&Type=search", "url2": "https://total-rehabili.com/", "内容": "デイサービスりはびり学校いわて【通所介護】岩手県滝沢市巣子180番地3", "サービスの種類": "通所介護" }, "geometry": { "type": "Point", "coordinates": [ 141.1210924, 39.7929393 ] } },
{ "type": "Feature", "properties": { "緯度": 39.703381133910753, "経度": 141.07278303201599, "url": "https://www.kaigokensaku.mhlw.go.jp/03/index.php?action_kouhyou_detail_004_kani=true&JigyosyoCd=371600560-00&ServiceCd=150&Type=search", "url2": null, "内容": "デイサービス芽吹【通所介護】岩手県滝沢市大釜竹鼻１６３番１１", "サービスの種類": "通所介護" }, "geometry": { "type": "Point", "coordinates": [ 141.072783032015991, 39.703381133910753 ] } },
{ "type": "Feature", "properties": { "緯度": 39.708790531154818, "経度": 141.0265609100708, "url": "https://www.kaigokensaku.mhlw.go.jp/03/index.php?action_kouhyou_detail_004_kani=true&JigyosyoCd=372101774-00&ServiceCd=150&Type=search", "url2": null, "内容": "デイサービスひなたぼっこ【通所介護】岩手県滝沢市大釜風林４２番地２９２", "サービスの種類": "通所介護" }, "geometry": { "type": "Point", "coordinates": [ 141.026560910070799, 39.708790531154818 ] } },
{ "type": "Feature", "properties": { "緯度": 39.7453473, "経度": 141.1046453, "url": "https://www.kaigokensaku.mhlw.go.jp/03/index.php?action_kouhyou_detail_004_kani=true&JigyosyoCd=371600073-00&ServiceCd=150&Type=search", "url2": "http://www.k-sinkaigo-foryou.com/", "内容": "デイサービス・フォーユー【通所介護】岩手県滝沢市牧野林302-6", "サービスの種類": "通所介護" }, "geometry": { "type": "Point", "coordinates": [ 141.104645299999987, 39.7453473 ] } },
{ "type": "Feature", "properties": { "緯度": 39.7469443, "経度": 141.1042898000001, "url": "https://www.kaigokensaku.mhlw.go.jp/03/index.php?action_kouhyou_detail_004_kani=true&JigyosyoCd=371600354-00&ServiceCd=150&Type=search", "url2": null, "内容": "にこにこリハビリデイサービス滝沢る～む【通所介護】岩手県滝沢市土沢528番地", "サービスの種類": "通所介護" }, "geometry": { "type": "Point", "coordinates": [ 141.104289800000089, 39.7469443 ] } },
{ "type": "Feature", "properties": { "緯度": 39.6940182, "経度": 140.9666961, "url": "https://www.kaigokensaku.mhlw.go.jp/03/index.php?action_kouhyou_detail_004_kani=true&JigyosyoCd=372101220-00&ServiceCd=150&Type=search", "url2": null, "内容": "デイサービスセンターにこトピア雫石【通所介護】岩手県岩手郡雫石町八卦５０－1", "サービスの種類": "通所介護" }, "geometry": { "type": "Point", "coordinates": [ 140.9666961, 39.6940182 ] } },
{ "type": "Feature", "properties": { "緯度": 40.0403547, "経度": 141.4545002, "url": "https://www.kaigokensaku.mhlw.go.jp/03/index.php?action_kouhyou_detail_004_kani=true&JigyosyoCd=372100453-00&ServiceCd=150&Type=search", "url2": "http://seishinseii-sw.or.jp", "内容": "誠心会葛巻デイサービスセンター【通所介護】岩手県岩手郡葛巻町葛巻7地割104番地2", "サービスの種類": "通所介護" }, "geometry": { "type": "Point", "coordinates": [ 141.454500200000012, 40.040354699999988 ] } },
{ "type": "Feature", "properties": { "緯度": 39.965474, "経度": 141.2086115, "url": "https://www.kaigokensaku.mhlw.go.jp/03/index.php?action_kouhyou_detail_004_kani=true&JigyosyoCd=372100388-00&ServiceCd=150&Type=search", "url2": "http://www.syunyoukai.jp/page04.html", "内容": "岩手町デイサービスセンター【通所介護】岩手県岩手郡岩手町大字五日市第１１地割７１番地３", "サービスの種類": "通所介護" }, "geometry": { "type": "Point", "coordinates": [ 141.208611499999989, 39.965474 ] } },
{ "type": "Feature", "properties": { "緯度": 39.5415171, "経度": 141.1716048000001, "url": "https://www.kaigokensaku.mhlw.go.jp/03/index.php?action_kouhyou_detail_004_kani=true&JigyosyoCd=372200105-00&ServiceCd=150&Type=search", "url2": "https://shiwakai.jp", "内容": "にいやま荘通所介護事業所【通所介護】岩手県紫波郡紫波町桜町字三本木46-1", "サービスの種類": "通所介護" }, "geometry": { "type": "Point", "coordinates": [ 141.171604800000097, 39.5415171 ] } },
{ "type": "Feature", "properties": { "緯度": 39.5720044, "経度": 141.0825849, "url": "https://www.kaigokensaku.mhlw.go.jp/03/index.php?action_kouhyou_detail_004_kani=true&JigyosyoCd=372200121-00&ServiceCd=150&Type=search", "url2": "https://shiwakai.jp/", "内容": "あづまね温泉通所介護事業所【通所介護】岩手県紫波郡紫波町上松本字内方９６番地", "サービスの種類": "通所介護" }, "geometry": { "type": "Point", "coordinates": [ 141.0825849, 39.572004400000012 ] } },
{ "type": "Feature", "properties": { "緯度": 34.9207347, "経度": 137.1841045, "url": "https://www.kaigokensaku.mhlw.go.jp/03/index.php?action_kouhyou_detail_004_kani=true&JigyosyoCd=372200832-00&ServiceCd=150&Type=search", "url2": "https://www.daichi-iwate.jp/", "内容": "デイサービスだいち【通所介護】岩手県紫波郡紫波町中島字下長根121－3", "サービスの種類": "通所介護" }, "geometry": { "type": "Point", "coordinates": [ 137.184104499999989, 34.9207347 ] } },
{ "type": "Feature", "properties": { "緯度": 39.5388173, "経度": 141.1655248, "url": "https://www.kaigokensaku.mhlw.go.jp/03/index.php?action_kouhyou_detail_004_kani=true&JigyosyoCd=372200972-00&ServiceCd=150&Type=search", "url2": "http://care-net.biz/03/nijinoie/", "内容": "デイサービス虹のいえ【通所介護】岩手県紫波郡紫波町北日詰字大日堂2-1", "サービスの種類": "通所介護" }, "geometry": { "type": "Point", "coordinates": [ 141.165524799999986, 39.538817300000012 ] } },
{ "type": "Feature", "properties": { "緯度": 39.542428, "経度": 141.1685689, "url": "https://www.kaigokensaku.mhlw.go.jp/03/index.php?action_kouhyou_detail_004_kani=true&JigyosyoCd=372200675-00&ServiceCd=150&Type=search", "url2": "https://sakuraday1182.wixsite.com/sakura", "内容": "さくらデイサービス【通所介護】岩手県紫波郡紫波町桜町字浦田12", "サービスの種類": "通所介護" }, "geometry": { "type": "Point", "coordinates": [ 141.1685689, 39.542428 ] } },
{ "type": "Feature", "properties": { "緯度": 39.5477695, "経度": 141.100695, "url": "https://www.kaigokensaku.mhlw.go.jp/03/index.php?action_kouhyou_detail_004_kani=true&JigyosyoCd=372200287-00&ServiceCd=150&Type=search", "url2": "http://mozunosato.com", "内容": "百寿の郷しんせつ介護センター【通所介護】岩手県紫波郡紫波町土舘字関沢２４番地１", "サービスの種類": "通所介護" }, "geometry": { "type": "Point", "coordinates": [ 141.100695, 39.5477695 ] } },
{ "type": "Feature", "properties": { "緯度": 39.5501783, "経度": 141.1170357, "url": "https://www.kaigokensaku.mhlw.go.jp/03/index.php?action_kouhyou_detail_004_kani=true&JigyosyoCd=372201111-00&ServiceCd=150&Type=search", "url2": null, "内容": "通所介護事業所ほたるの里【通所介護】岩手県紫波郡紫波町稲藤字牡丹野22番地4", "サービスの種類": "通所介護" }, "geometry": { "type": "Point", "coordinates": [ 141.1170357, 39.550178300000013 ] } },
{ "type": "Feature", "properties": { "緯度": 39.6116634, "経度": 141.1471965000001, "url": "https://www.kaigokensaku.mhlw.go.jp/03/index.php?action_kouhyou_detail_004_kani=true&JigyosyoCd=372200758-00&ServiceCd=150&Type=search", "url2": null, "内容": "老人ディサービスセンター「百万石」矢幅駅西口【通所介護】岩手県紫波郡矢巾町大字南矢幅6-606", "サービスの種類": "通所介護" }, "geometry": { "type": "Point", "coordinates": [ 141.147196500000092, 39.6116634 ] } },
{ "type": "Feature", "properties": { "緯度": 39.5986792, "経度": 141.0904307000001, "url": "https://www.kaigokensaku.mhlw.go.jp/03/index.php?action_kouhyou_detail_004_kani=true&JigyosyoCd=372200477-00&ServiceCd=150&Type=search", "url2": null, "内容": "老人デイサービスセンター「百万石」【通所介護】岩手県紫波郡矢巾町大字和味2-106-5", "サービスの種類": "通所介護" }, "geometry": { "type": "Point", "coordinates": [ 141.090430700000098, 39.5986792 ] } },
{ "type": "Feature", "properties": { "緯度": 39.5956341, "経度": 141.1244409, "url": "https://www.kaigokensaku.mhlw.go.jp/03/index.php?action_kouhyou_detail_004_kani=true&JigyosyoCd=372200915-00&ServiceCd=150&Type=search", "url2": null, "内容": "ニチイケアセンター矢巾【通所介護】岩手県紫波郡矢巾町大字南矢幅12地割237番地1", "サービスの種類": "通所介護" }, "geometry": { "type": "Point", "coordinates": [ 141.1244409, 39.5956341 ] } },
{ "type": "Feature", "properties": { "緯度": 39.614016617344248, "経度": 141.14647593496559, "url": "https://www.kaigokensaku.mhlw.go.jp/03/index.php?action_kouhyou_detail_004_kani=true&JigyosyoCd=372201087-00&ServiceCd=150&Type=search", "url2": "https://www.15kai.jp/seikatsukaigo_ichigoen/", "内容": "生活介護センター「いちご園」【通所介護】岩手県紫波郡矢巾町又兵エ新田5-339地域交流パレスいちご館", "サービスの種類": "通所介護" }, "geometry": { "type": "Point", "coordinates": [ 141.146475934965594, 39.614016617344248 ] } },
{ "type": "Feature", "properties": { "緯度": 39.6135411, "経度": 141.1574122, "url": "https://www.kaigokensaku.mhlw.go.jp/03/index.php?action_kouhyou_detail_004_kani=true&JigyosyoCd=372200683-00&ServiceCd=150&Type=search", "url2": "https://airinkai.net", "内容": "デイサービスとくたんの郷【通所介護】岩手県紫波郡矢巾町大字又兵ェ新田第７地割２１２番地１", "サービスの種類": "通所介護" }, "geometry": { "type": "Point", "coordinates": [ 141.15741220000001, 39.613541100000013 ] } },
{ "type": "Feature", "properties": { "緯度": 39.3951137, "経度": 140.7724234, "url": "https://www.kaigokensaku.mhlw.go.jp/03/index.php?action_kouhyou_detail_004_kani=true&JigyosyoCd=372400168-00&ServiceCd=150&Type=search", "url2": "http://yasuragikai.com/", "内容": "デイサービスセンターかたくりの園【通所介護】岩手県和賀郡西和賀町沢内字大野１７地割１４０番地１", "サービスの種類": "通所介護" }, "geometry": { "type": "Point", "coordinates": [ 140.7724234, 39.3951137 ] } },
{ "type": "Feature", "properties": { "緯度": 39.3140542, "経度": 140.775447, "url": "https://www.kaigokensaku.mhlw.go.jp/03/index.php?action_kouhyou_detail_004_kani=true&JigyosyoCd=372400176-00&ServiceCd=150&Type=search", "url2": "http://nishi-shakyo.net/", "内容": "デイサービスにしわが【通所介護】岩手県和賀郡西和賀町川尻40地割73番地82", "サービスの種類": "通所介護" }, "geometry": { "type": "Point", "coordinates": [ 140.775447, 39.3140542 ] } },
{ "type": "Feature", "properties": { "緯度": 39.1866568, "経度": 141.1047009, "url": "https://www.kaigokensaku.mhlw.go.jp/03/index.php?action_kouhyou_detail_004_kani=true&JigyosyoCd=372500306-00&ServiceCd=150&Type=search", "url2": "http://www.yuaikai-kanegasaki.com/", "内容": "友愛園デイサービスセンター【通所介護】岩手県胆沢郡金ケ崎町西根揚場後19番地2", "サービスの種類": "通所介護" }, "geometry": { "type": "Point", "coordinates": [ 141.104700900000012, 39.1866568 ] } },
{ "type": "Feature", "properties": { "緯度": 39.2212217, "経度": 141.0930066, "url": "https://www.kaigokensaku.mhlw.go.jp/03/index.php?action_kouhyou_detail_004_kani=true&JigyosyoCd=372500678-00&ServiceCd=150&Type=search", "url2": "https://furusato.oshushi.com/", "内容": "デイサービスセンターふるさと【通所介護】岩手県胆沢郡金ケ崎町西根北荒巻21番地19", "サービスの種類": "通所介護" }, "geometry": { "type": "Point", "coordinates": [ 141.0930066, 39.2212217 ] } },
{ "type": "Feature", "properties": { "緯度": 39.200497405351371, "経度": 141.109142786972, "url": "https://www.kaigokensaku.mhlw.go.jp/03/index.php?action_kouhyou_detail_004_kani=true&JigyosyoCd=372500223-00&ServiceCd=150&Type=search", "url2": "http://www.kin-syakyo.jp", "内容": "金ケ崎町社会福祉協議会指定通所介護事業所【通所介護】岩手県胆沢郡金ケ崎町西根南羽沢４３番地", "サービスの種類": "通所介護" }, "geometry": { "type": "Point", "coordinates": [ 141.109142786972001, 39.200497405351371 ] } },
{ "type": "Feature", "properties": { "緯度": 38.9716747, "経度": 141.1076816, "url": "https://www.kaigokensaku.mhlw.go.jp/03/index.php?action_kouhyou_detail_004_kani=true&JigyosyoCd=372600098-00&ServiceCd=150&Type=search", "url2": "https://www.tousenkai.or.jp/", "内容": "慶泉荘デイサービスセンター【通所介護】岩手県西磐井郡平泉町平泉字片岡69-7", "サービスの種類": "通所介護" }, "geometry": { "type": "Point", "coordinates": [ 141.1076816, 38.9716747 ] } },
{ "type": "Feature", "properties": { "緯度": 38.9903369, "経度": 141.1146133, "url": "https://www.kaigokensaku.mhlw.go.jp/03/index.php?action_kouhyou_detail_004_kani=true&JigyosyoCd=372600247-00&ServiceCd=150&Type=search", "url2": "http://www.cc-ikoi.com/", "内容": "いこいデイサービスセンター・平泉【通所介護】岩手県西磐井郡平泉町平泉字鈴沢６４－１", "サービスの種類": "通所介護" }, "geometry": { "type": "Point", "coordinates": [ 141.1146133, 38.9903369 ] } },
{ "type": "Feature", "properties": { "緯度": 39.1946659, "経度": 141.5992297, "url": "https://www.kaigokensaku.mhlw.go.jp/03/index.php?action_kouhyou_detail_004_kani=true&JigyosyoCd=372800078-00&ServiceCd=150&Type=search", "url2": "http://sumita-shakyo.jp/", "内容": "アンルス指定通所介護事業所【通所介護】岩手県気仙郡住田町上有住字和田野12-5", "サービスの種類": "通所介護" }, "geometry": { "type": "Point", "coordinates": [ 141.5992297, 39.1946659 ] } },
{ "type": "Feature", "properties": { "緯度": 39.146059946559276, "経度": 141.56810399367069, "url": "https://www.kaigokensaku.mhlw.go.jp/03/index.php?action_kouhyou_detail_004_kani=true&JigyosyoCd=372800128-00&ServiceCd=150&Type=search", "url2": "http://www.care-net.biz/03/narusekai/", "内容": "すみた荘デイサービスセンター【通所介護】岩手県気仙郡住田町世田米字川向８番地２", "サービスの種類": "通所介護" }, "geometry": { "type": "Point", "coordinates": [ 141.56810399367069, 39.146059946559276 ] } },
{ "type": "Feature", "properties": { "緯度": 39.1895098, "経度": 141.56064719999989, "url": "https://www.kaigokensaku.mhlw.go.jp/03/index.php?action_kouhyou_detail_004_kani=true&JigyosyoCd=372800169-00&ServiceCd=150&Type=search", "url2": null, "内容": "デイサービスセンターとだて【通所介護】岩手県気仙郡住田町下有住字十文字89-2", "サービスの種類": "通所介護" }, "geometry": { "type": "Point", "coordinates": [ 141.560647199999892, 39.1895098 ] } },
{ "type": "Feature", "properties": { "緯度": 39.4378658, "経度": 141.9680997, "url": "https://www.kaigokensaku.mhlw.go.jp/03/index.php?action_kouhyou_detail_004_kani=true&JigyosyoCd=373000207-00&ServiceCd=150&Type=search", "url2": "https://seiju-kai.net", "内容": "平安荘デイサービスセンター【通所介護】岩手県下閉伊郡山田町山田第16地割9番地10", "サービスの種類": "通所介護" }, "geometry": { "type": "Point", "coordinates": [ 141.96809970000001, 39.4378658 ] } },
{ "type": "Feature", "properties": { "緯度": 39.8476756, "経度": 141.7960513, "url": "https://www.kaigokensaku.mhlw.go.jp/03/index.php?action_kouhyou_detail_004_kani=true&JigyosyoCd=373000439-00&ServiceCd=150&Type=search", "url2": "http://iwaizumi-shakyo.or.jp/", "内容": "岩泉町社協岩泉指定通所介護事業所【通所介護】岩手県下閉伊郡岩泉町岩泉字中家38-1高齢者生活福祉センター　どんぐり苑", "サービスの種類": "通所介護" }, "geometry": { "type": "Point", "coordinates": [ 141.796051299999988, 39.847675600000017 ] } },
{ "type": "Feature", "properties": { "緯度": 39.8756459, "経度": 141.652432, "url": "https://www.kaigokensaku.mhlw.go.jp/03/index.php?action_kouhyou_detail_004_kani=true&JigyosyoCd=373000454-00&ServiceCd=150&Type=search", "url2": "http://iwaizumi-shakyo.or.jp/", "内容": "岩泉町社協小川指定通所介護事業所【通所介護】岩手県下閉伊郡岩泉町門字町向32番地1", "サービスの種類": "通所介護" }, "geometry": { "type": "Point", "coordinates": [ 141.652432, 39.8756459 ] } },
{ "type": "Feature", "properties": { "緯度": 40.0136984, "経度": 141.8542857, "url": "https://www.kaigokensaku.mhlw.go.jp/03/index.php?action_kouhyou_detail_004_kani=true&JigyosyoCd=373000165-00&ServiceCd=150&Type=search", "url2": "https://www.unetorisou.com", "内容": "普代村デイサービスセンター通所介護事業所【通所介護】岩手県下閉伊郡普代村第24地割字鳥居5番地1", "サービスの種類": "通所介護" }, "geometry": { "type": "Point", "coordinates": [ 141.8542857, 40.0136984 ] } },
{ "type": "Feature", "properties": { "緯度": 40.3267455, "経度": 141.4606327, "url": "https://www.kaigokensaku.mhlw.go.jp/03/index.php?action_kouhyou_detail_004_kani=true&JigyosyoCd=373100379-00&ServiceCd=150&Type=search", "url2": "http://www.keisenkai.jp/kutsurogi.html", "内容": "くつろぎの家【通所介護】岩手県九戸郡軽米町大字山内第１２地割字太田向９６番地2", "サービスの種類": "通所介護" }, "geometry": { "type": "Point", "coordinates": [ 141.4606327, 40.3267455 ] } },
{ "type": "Feature", "properties": { "緯度": 40.2959844, "経度": 141.5236391, "url": "https://www.kaigokensaku.mhlw.go.jp/03/index.php?action_kouhyou_detail_004_kani=true&JigyosyoCd=373100510-00&ServiceCd=150&Type=search", "url2": null, "内容": "デイサービスセンターせせらぎ【通所介護】岩手県九戸郡軽米町大字小軽米１２－３－１", "サービスの種類": "通所介護" }, "geometry": { "type": "Point", "coordinates": [ 141.5236391, 40.295984399999988 ] } },
{ "type": "Feature", "properties": { "緯度": 40.108262353786429, "経度": 141.80215904376371, "url": "https://www.kaigokensaku.mhlw.go.jp/03/index.php?action_kouhyou_detail_004_kani=true&JigyosyoCd=373100288-00&ServiceCd=150&Type=search", "url2": "https://hakuju.wixsite.com/nodahakujukai", "内容": "ことぶき荘デイサービスセンター指定通所介護事業所【通所介護】岩手県九戸郡野田村大字野田第22地割38番地7", "サービスの種類": "通所介護" }, "geometry": { "type": "Point", "coordinates": [ 141.802159043763709, 40.108262353786429 ] } },
{ "type": "Feature", "properties": { "緯度": 40.2036176, "経度": 141.4263988, "url": "https://www.kaigokensaku.mhlw.go.jp/03/index.php?action_kouhyou_detail_004_kani=true&JigyosyoCd=373100593-00&ServiceCd=150&Type=search", "url2": null, "内容": "通所介護かすみ【通所介護】岩手県九戸郡九戸村大字伊保内第２地割６１番地１", "サービスの種類": "通所介護" }, "geometry": { "type": "Point", "coordinates": [ 141.426398799999987, 40.2036176 ] } },
{ "type": "Feature", "properties": { "緯度": 40.2142998, "経度": 141.4216045000001, "url": "https://www.kaigokensaku.mhlw.go.jp/03/index.php?action_kouhyou_detail_004_kani=true&JigyosyoCd=373100312-00&ServiceCd=150&Type=search", "url2": "http://www.oritsumesou.or.jp", "内容": "デイサービスセンターおりつめ【通所介護】岩手県九戸郡九戸村大字伊保内第9地割73番地", "サービスの種類": "通所介護" }, "geometry": { "type": "Point", "coordinates": [ 141.421604500000086, 40.2142998 ] } },
{ "type": "Feature", "properties": { "緯度": 40.2115223, "経度": 141.4201575, "url": "https://www.kaigokensaku.mhlw.go.jp/03/index.php?action_kouhyou_detail_004_kani=true&JigyosyoCd=373100411-00&ServiceCd=150&Type=search", "url2": "http://www.kunohe-shakyo.jp/", "内容": "社会福祉法人九戸村社会福祉協議会指定通所介護事業所【通所介護】岩手県九戸郡九戸村大字伊保内7-39-4", "サービスの種類": "通所介護" }, "geometry": { "type": "Point", "coordinates": [ 141.420157499999988, 40.2115223 ] } },
{ "type": "Feature", "properties": { "緯度": 40.4386311, "経度": 141.6811428, "url": "https://www.kaigokensaku.mhlw.go.jp/03/index.php?action_kouhyou_detail_004_kani=true&JigyosyoCd=373100452-00&ServiceCd=150&Type=search", "url2": null, "内容": "デイサービスセンターみどりの里【通所介護】岩手県九戸郡洋野町種市第40地割1番地1", "サービスの種類": "通所介護" }, "geometry": { "type": "Point", "coordinates": [ 141.6811428, 40.438631099999988 ] } },
{ "type": "Feature", "properties": { "緯度": 40.410588252339373, "経度": 141.71644458451689, "url": "https://www.kaigokensaku.mhlw.go.jp/03/index.php?action_kouhyou_detail_004_kani=true&JigyosyoCd=373100668-00&ServiceCd=150&Type=search", "url2": null, "内容": "デイサービスセンターひまわり【通所介護】岩手県九戸郡洋野町種市第２３地割２５番地８９", "サービスの種類": "通所介護" }, "geometry": { "type": "Point", "coordinates": [ 141.716444584516893, 40.410588252339373 ] } },
{ "type": "Feature", "properties": { "緯度": 40.2766863, "経度": 141.6346269000001, "url": "https://www.kaigokensaku.mhlw.go.jp/03/index.php?action_kouhyou_detail_004_kani=true&JigyosyoCd=373100171-00&ServiceCd=150&Type=search", "url2": "http://m-kujihirasou.jp", "内容": "久慈平荘デイサービスセンター指定通所介護事業所【通所介護】岩手県九戸郡洋野町大野60-41-8", "サービスの種類": "通所介護" }, "geometry": { "type": "Point", "coordinates": [ 141.634626900000086, 40.2766863 ] } },
{ "type": "Feature", "properties": { "緯度": 40.2795202, "経度": 141.666299, "url": "https://www.kaigokensaku.mhlw.go.jp/03/index.php?action_kouhyou_detail_004_kani=true&JigyosyoCd=373100262-00&ServiceCd=150&Type=search", "url2": "http://hirono-shakyo.or.jp/", "内容": "洋野町社会福祉協議会おおの通所介護事業所【通所介護】岩手県九戸郡洋野町大野第56地割78番地30洋野町大野福祉センター", "サービスの種類": "通所介護" }, "geometry": { "type": "Point", "coordinates": [ 141.666299, 40.2795202 ] } },
{ "type": "Feature", "properties": { "緯度": 40.1813898, "経度": 141.3050573, "url": "https://www.kaigokensaku.mhlw.go.jp/03/index.php?action_kouhyou_detail_004_kani=true&JigyosyoCd=353280019-00&ServiceCd=150&Type=search", "url2": "http://kozuya-sunburg.jp/", "内容": "こずやサンブルクデイサービス【通所介護】岩手県二戸郡一戸町小鳥谷字野中２１", "サービスの種類": "通所介護" }, "geometry": { "type": "Point", "coordinates": [ 141.305057299999987, 40.1813898 ] } },
{ "type": "Feature", "properties": { "緯度": 40.165961319396153, "経度": 141.33684376441801, "url": "https://www.kaigokensaku.mhlw.go.jp/03/index.php?action_kouhyou_detail_004_kani=true&JigyosyoCd=373200120-00&ServiceCd=150&Type=search", "url2": "https://iwate-jikoukai.jp/", "内容": "慶寿園デイサービスセンター【通所介護】岩手県二戸郡一戸町姉帯字下村24番地1", "サービスの種類": "通所介護" }, "geometry": { "type": "Point", "coordinates": [ 141.336843764418006, 40.165961319396153 ] } },
{ "type": "Feature", "properties": { "緯度": 40.2084923, "経度": 141.3064928, "url": "https://www.kaigokensaku.mhlw.go.jp/03/index.php?action_kouhyou_detail_004_kani=true&JigyosyoCd=373200245-00&ServiceCd=150&Type=search", "url2": "https://yuaiservice.co.jp", "内容": "株式会社結愛サービス公社指定通所介護事業所【通所介護】岩手県二戸郡一戸町一戸字砂森９３番地２", "サービスの種類": "通所介護" }, "geometry": { "type": "Point", "coordinates": [ 141.3064928, 40.2084923 ] } },
{ "type": "Feature", "properties": { "緯度": 40.215546602440071, "経度": 141.29860576738881, "url": "https://www.kaigokensaku.mhlw.go.jp/03/index.php?action_kouhyou_detail_004_kani=true&JigyosyoCd=373200377-00&ServiceCd=150&Type=search", "url2": null, "内容": "デイサービスセンターにこトピア一戸【通所介護】岩手県二戸郡一戸町一戸字向町56番地1", "サービスの種類": "通所介護" }, "geometry": { "type": "Point", "coordinates": [ 141.298605767388807, 40.215546602440071 ] } }
]
}
